has_exif,has_ai_metadata,file_size_ratio,laplacian_variance,color_std_dev,brightness_mean,brightness_std_dev,contrast,unique_colors_ratio,noise_estimate,label
0.0,0.0,0.16570540646829168,69.94586656485644,58.13227420726266,107.31913729069021,86.58693519513551,254.05852785806633,0.8210331644334894,4.810709155167853,1
1.0,0.0,0.11988939698191096,321.3358243172761,58.764964500195376,131.10635669825223,54.521385337652305,241.23662649952263,0.25290850469120507,12.151963431253257,0
0.0,0.0,0.3146446238624916,120.24427746592643,81.04657182475775,117.90333719613741,70.38827202952774,248.8826374738153,0.38841535290331686,5.860180909398598,1
0.0,0.0,0.21565582203861922,78.14707400419613,33.866179863822,96.66553184050184,75.58381007871135,254.12051448427852,0.5272229020876366,6.235866821596538,1
0.0,1.0,0.2414158284796617,34.48478909984963,89.22168186064778,157.5581472075852,57.125079618325714,248.16398032894125,0.6612634305203302,3.864249692690275,1
1.0,0.0,0.13001819071926987,161.6671706108326,44.35815838711181,136.60166949223282,60.551742497613525,235.01130930225187,0.18439640339736338,8.687885547668149,0
0.0,0.0,0.14918681878619358,48.84368537468083,79.85249358438934,104.57495545539746,89.49183557446246,248.0725337954382,0.6426257491084393,4.057415715291537,1
0.0,0.0,0.3235323338888001,86.61624281041601,48.392647747963224,140.21068813711918,55.428232200226915,241.37114437593712,0.6041321294008278,1.4973897487856078,1
1.0,0.0,0.10507660091044813,355.4959278002681,55.61370964873134,72.06383596515488,76.23168469489711,254.67686708499826,0.04776717303784189,13.995227621653903,0
1.0,0.0,0.09401912833554943,143.45557823370422,34.48690088360655,103.47054589385252,58.34991751948423,227.96354940202744,0.09752627571651595,10.885606350507878,0
0.0,0.0,0.21374012727815894,21.46694407884125,82.09333304038203,137.95814665353646,80.28509527214678,250.2652965646631,0.5940353993877914,4.303332991979276,1
0.0,1.0,0.220654047054825,97.4607970125418,78.08473070042676,77.90327113540243,75.92012773472682,246.67153267553226,0.3485098767493392,6.854442880409239,1
0.0,0.0,0.1423303261221428,132.04809727510425,49.70457020436715,92.41967185525016,81.82431684984067,250.7149531740461,0.4962021471178045,1.883200667090919,1
0.0,0.0,0.16598909670712683,131.84129977035948,38.82358323066303,47.20823788394375,51.13072816797158,254.3630574491965,0.24955955564633334,12.227812168133442,0
1.0,0.0,0.10909005582888463,183.43458084083386,45.45222708999982,72.4923483063726,62.481054904495565,246.57868936381507,0.23767087367105466,16.737871530272425,0
0.0,1.0,0.373921612119615,49.365126273190995,70.06936292348178,160.51294180996575,63.576320518316265,246.94411423990337,0.6104107455439045,6.0754793284145325,1
1.0,0.0,0.09482053413921145,200.3399922279999,50.15628088443957,109.71363415327308,60.235466939366376,253.15071279579175,0.16378487328961666,11.368437827993407,0
0.0,0.0,0.26011036636371293,90.01579899705604,78.08295500109466,128.3194723156387,109.22057618381575,252.60344748211335,0.6118360566259665,4.448153640234295,1
0.0,0.0,0.37923005515755537,49.74335947771375,64.02967092451222,163.7973973291901,48.62063003394979,254.68028083968008,0.4661499383616048,3.9865427348262763,1
0.0,0.0,0.04757699818029362,76.51312870634125,79.40457194422206,119.30100072152486,88.44778675222764,250.10546373925294,0.45937846679527894,2.473064395952348,1
0.0,0.0,0.16154362652112514,60.880767589136155,44.14667112269806,240.0,62.28917802368887,252.0453246916703,0.7026812663577265,6.086941070758189,1
0.0,1.0,0.2232944408195192,67.2729099980587,63.0490955966957,99.37824918230665,24.55444165024099,250.27501468016686,0.4374813898268839,4.821253411697625,1
1.0,0.0,0.19776526042852555,262.23397903683934,44.389960281446164,127.968509795176,22.023460256237797,247.3711913453329,0.16121966976988045,9.904558794171171,0
1.0,0.0,0.08264368552351517,153.90700934373433,50.055892418358745,92.9798585246256,63.59441277358497,241.75245261258274,0.2694332260051241,14.313204731792078,0
0.0,0.0,0.13593362214408933,179.59495804198897,45.5166097685108,102.88078709399662,70.35110514504919,250.60847060706416,0.11394612395197654,12.045631152140283,0
0.0,0.0,0.29373868545611037,98.76892800938003,70.08030976882534,136.24481259115478,101.67771491001146,253.51329999249654,0.545874034734994,5.697850009665885,1
1.0,0.0,0.16493764541828432,163.29131006107522,35.14196191332174,154.38082725040243,57.474226162907215,255.0,0.20813983090499563,8.256919013789567,0
0.0,0.0,0.16457576627366455,90.27013503468865,62.6095665178114,136.19028336798513,103.24053757086499,251.65959223853943,0.6019871018101912,4.141090279272223,1
1.0,0.0,0.18611906789138857,169.70695896205532,41.97819413017378,84.16431180701895,89.39755882117012,250.39826402488058,0.1887253288332682,11.19561824002448,0
1.0,0.0,0.096880323592656,145.5183481328806,36.88999136371155,139.11974049069218,71.40759179376214,225.32538075266254,0.24726558856179326,12.630487135585717,0
0.0,0.0,0.10233356958706438,190.77373211720752,37.09100618332447,112.38971767372857,63.30875306606041,214.47501212568875,0.16343727155935217,14.844441951671655,0
1.0,0.0,0.10984105246598275,200.16877532985805,46.23078201656181,130.804925518373,75.73296212813042,255.0,0.19922641796366303,17.370742159467397,0
1.0,0.0,0.23649426214479916,93.89865590354319,72.81919857520722,152.35317573596498,55.14843986542354,248.0345489964927,0.5359446514497569,6.780137611486651,1
1.0,0.0,0.23195584027220337,236.5382059533262,46.89479821221081,84.61621006476659,91.02339062258736,254.5405395361208,0.26431910684977666,13.97072914159001,0
0.0,0.0,0.35482469968956865,79.06823201387294,53.909428888114455,113.71978499719367,100.42130652014066,243.26373041209325,0.8324220426395204,5.194952265351346,1
1.0,0.0,0.1161142315123947,153.5244569903795,36.97175556049157,144.59775757905703,62.425477900571295,239.942937994938,0.2039003709239429,11.707069987564061,0
0.0,0.0,0.31034330638508595,98.0635496117745,57.9310438894622,158.9128055176083,81.12778964146828,254.81172584633285,0.5475713504329974,5.837760869392219,1
1.0,0.0,0.17999643649981023,242.4551055371572,53.34751326324882,107.94614919175099,33.79656462981667,241.66694062944768,0.17631772711744045,11.687696011691086,0
0.0,0.0,0.18982748755275336,41.116500072503165,51.72126970813666,112.22690604210658,113.84491189512599,244.33925429641997,0.48621913071400646,4.051396372154918,1
0.0,0.0,0.25560417304905453,81.30544005930398,69.82517812064751,135.05666609749295,75.40834334425836,242.16005867219866,0.48687588637593,4.69667898701272,1
0.0,0.0,0.20411185816824792,93.29006391342125,59.17635419717692,136.75796947079883,52.05680977976577,252.5807201979319,0.5377564010252603,3.7028828982923625,1
1.0,0.0,0.11322350287051167,174.7910084496164,47.314459225255725,86.36268779716825,39.9620639374708,254.50767183658425,0.20914972248226305,10.123199163767968,0
0.0,0.0,0.2645471286295371,212.32523892160023,49.55904195170703,134.394811061005,28.880399436804474,253.072865791319,0.1971364794588949,14.194565078097815,0
0.0,0.0,0.2252632738360109,56.900118014076284,69.74537482304217,160.58356417316756,72.86057060283039,254.88215688599036,0.5606182919440217,5.4440409501433376,1
1.0,0.0,0.12586282389089837,168.7827305143388,52.82130001531459,87.235752197138,66.28139940191245,239.10518532011713,0.2152832784321298,13.53316386165286,0
1.0,0.0,0.17144082501652863,254.82346169054418,45.712537499108926,114.3521599474108,77.51264734479669,255.0,0.23312680166993066,11.33519981451112,0
1.0,0.0,0.23123392292347802,89.72169714504655,55.81984809249942,134.6776360522898,54.32130385180269,242.81700507063783,0.16812562825874944,16.38072977280508,0
1.0,0.0,0.1978351158397292,150.94172344301592,53.76455645502936,149.19304683045215,68.99366311868033,255.0,0.19804279865158292,4.6421460863206665,0
0.0,0.0,0.3368629059951478,30.815475124236976,59.75841009174566,169.39390999694794,99.89130320710511,247.85182510736246,0.6995458245242958,5.214645250075687,1
1.0,0.0,0.18766708105522661,170.99733793149784,55.88769654216672,85.28650143860187,50.57018542388145,222.2702700589767,0.1545155105795833,14.518260893683156,0
0.0,0.0,0.35519315628672377,98.68133671700807,64.6658153122443,160.26662199033495,92.06403090103109,250.79047437933406,0.42018960963128427,6.692575524385678,1
0.0,0.0,0.257092607276915,86.06986389268405,41.93622805326237,156.33341158230104,78.69941150146313,243.13960406365192,0.48816349799558706,2.1035704062473153,1
0.0,0.0,0.34008402006177346,74.39311525514046,60.8001004718828,121.50145791577532,41.664731864216044,248.1610773671447,0.6475823337288564,4.999140717955515,1
1.0,0.0,0.15380026957062057,220.21473774808487,45.460027472532744,111.39617292785192,48.314708677200215,251.5985997999864,0.2005940217258896,16.29590998940969,0
0.0,0.0,0.3814138362604771,90.84251951819309,68.6468518776934,142.0578516795239,96.25707386066432,248.06185083668376,0.3519163529077366,3.985212646969932,1
0.0,0.0,0.1771649014518194,135.3363521064418,57.788658133133936,90.90768841095976,71.5612531442818,255.0,0.15780730612875504,9.996290195422482,0
0.0,0.0,0.2485032994843282,107.34088166524165,70.33503422844844,83.4787024440623,83.93963434019705,255.0,0.5579915263740038,5.726200690047559,1
0.0,1.0,0.19635038327386842,64.60410906459812,62.73051169651217,217.02789184844187,39.03570521181785,255.0,0.46449045255907956,3.505253114810726,1
1.0,0.0,0.18971323398109136,201.91189974800142,42.0251779912615,102.10765776093362,59.95820833999648,238.00495254104905,0.14571261446092254,10.198862323312353,0
0.0,0.0,0.17942892022103046,244.3645418633371,31.632745611240694,85.3075254976843,59.681328310856365,252.13669186097067,0.15697172980930565,11.047155758316453,0
0.0,0.0,0.2321438196292156,92.96788851902467,42.21633762364898,166.7786809769467,86.81488671020651,251.54863389568,0.6584500530290927,3.8564441278610015,1
1.0,0.0,0.11075508434588799,215.19092978024378,37.82983850872064,145.37408617688786,57.45221463483404,212.55477277187876,0.19523294544016587,13.19535143888952,0
0.0,0.0,0.19830181521249576,63.55193615224769,57.130063893997956,43.131403026906085,79.86269310276978,244.39791040531804,0.7502427467644798,7.303599755517391,1
1.0,0.0,0.11951085478403088,318.19362473096805,44.191215021345386,158.51450579560685,65.72601253443764,235.2796375681786,0.1847022784234204,15.843878297585858,0
0.0,1.0,0.21283061621612856,94.07802769425578,102.27784875018338,107.13521188847267,100.10291576749808,247.4204734343383,0.5000127569589149,2.818298980863117,1
1.0,0.0,0.22567248716210656,204.2946503146665,37.04442932059118,107.47708854031703,67.56872721716086,255.0,0.28914528000325723,9.681567485760166,0
1.0,0.0,0.06932193010616293,225.08913680837725,63.07196643637885,124.06015043676872,58.98192927450777,255.0,0.10454012705113785,5.89823996306229,0
1.0,0.0,0.11971425384983307,197.56738242147745,55.26986263319732,125.93750002026226,85.26787251905178,238.10221654569074,0.1602005544995623,15.107156407145787,0
1.0,0.0,0.10333660204634018,114.63210212035267,46.777501062680315,120.97221040020409,55.44560890652998,205.4779242349502,0.17653267667866446,12.957304275143157,0
1.0,0.0,0.14135269700382885,192.20509110316664,44.225565392740066,67.73334922094175,41.366301996761564,236.11591805132414,0.2104426771267166,11.034943005323255,0
1.0,0.0,0.1620376589744284,196.64108549753223,43.7234531848181,154.49016056636242,85.56888139946065,223.52386173056172,0.1468322750084841,9.785715500500775,0
0.0,0.0,0.3572360356818516,85.44279860341913,84.54917055974096,129.04096136214332,76.89242089338715,253.43713377563253,0.6627788027111646,3.4347950897439268,1
0.0,0.0,0.2106691051494362,81.03323035117523,77.0319268792718,135.50781497419288,63.25769458759705,251.61252330144953,0.558291185317204,3.480832522623376,1
1.0,0.0,0.15103968538377038,260.00394782134305,48.361449630262285,132.65340222752613,61.70091587950034,213.5191861945504,0.24971494133438119,9.328698114793903,0
0.0,0.0,0.04501330729637515,111.4612137924969,58.17807923933461,79.6150209091726,86.03928518663655,245.79753507246653,0.5267726497200528,4.375242342098071,1
1.0,0.0,0.18365906756349792,223.60011354596372,33.28345652682438,139.8615550427542,56.94808288379543,241.8626352711692,0.13260021078164158,15.973807590259657,0
1.0,0.0,0.29748453778246897,22.632350737406696,59.04207025781019,188.5061747689318,94.514267553385,244.6698391418616,0.7097397293221623,3.9134629997016352,1
1.0,0.0,0.16615396365580146,244.8533098443566,31.504237884484677,140.590606650436,73.48003740508761,228.19238895019507,0.18122962767580192,5.727607053762311,0
0.0,0.0,0.18314406343337064,287.47919521027103,46.45521197768241,79.29193290901274,50.97083337097234,211.50494578711678,0.2882456902775386,10.010862165435482,0
0.0,0.0,0.24275733741566713,16.99920477045128,62.627692334415194,133.67374213991093,66.4848879069682,252.30412432701934,0.6167548080369996,5.349903222589088,1
1.0,0.0,0.2314198311564269,234.31592284783505,54.37915537510655,117.65308022824446,72.56745802844222,245.4066251443916,0.15015341867989368,9.587766749534039,0
0.0,1.0,0.38684906980655404,105.6192792965667,44.779293320897494,159.552317367365,76.97867574057767,244.8603811749463,0.6115163984278581,2.2764048195063467,1
0.0,0.0,0.23901025692804828,70.01418786852466,69.1890175732479,171.64191280708488,89.44893970441959,252.98768852947364,0.5650602492844634,4.556329614990845,1
0.0,1.0,0.054894627337885665,132.64799214941723,67.8399246093856,136.09885529364718,58.286219899599274,248.07806311703538,0.6664411740535271,3.1551216890292126,1
1.0,0.0,0.14983127712945238,169.38816327461248,45.511979018810855,132.38996736413392,39.269736469613434,219.44960058953356,0.2049913157549884,11.342096819850433,0
0.0,0.0,0.2006910873568418,31.061725536171636,61.743033875806965,134.61965020377596,83.9697090839288,239.64311410330922,0.5113997424350561,3.80571557142843,1
0.0,1.0,0.33856645354295783,55.447140021739955,43.46135714197209,113.70772323622319,76.74032960784773,255.0,0.5832719329585189,4.33222934387053,1
1.0,0.0,0.14149076887375356,145.7424736721101,39.98215807188468,113.57796906816415,52.74574290666845,255.0,0.16663333093917598,8.568975656096733,0
0.0,1.0,0.2071737451236862,91.02947878974265,80.18956114466107,137.84474477196696,82.89159970968439,240.18355426080512,0.6799149820547667,6.161581643973673,1
1.0,0.0,0.1597192150788668,225.53960442637973,49.44773807831595,121.36691643425695,58.0361129231081,228.7587601956454,0.19683050739825947,13.407136201142826,0
0.0,1.0,0.27137013208091865,77.58200752109717,65.52070623128843,109.13399696918685,28.915761281120666,245.4483782903586,0.5927962626552635,3.1996731226748,1
0.0,0.0,0.18631793145572087,26.424005241976666,68.18140029611263,66.77198856371518,69.83649723937131,255.0,0.5180173722111244,5.846483657474615,1
1.0,0.0,0.12232058791460027,152.30302903016775,32.450773319977074,109.58093133126471,78.03864757837842,240.78789552322974,0.2138776256746766,9.532384552659211,0
1.0,0.0,0.177811500470033,276.89659592062765,40.96924010934969,118.16772985942872,52.14636017390126,238.52535228818437,0.20487170551486517,14.516027600066387,0
0.0,0.0,0.09967287173601794,208.59196698967656,46.6048962397348,127.38250845949227,80.67701033180712,238.33021726803298,0.23798936184765387,12.170805324849544,0
1.0,0.0,0.18794642948933826,249.3667258294551,35.542539393032186,73.71590345271301,64.64842169070951,226.7400171488034,0.1758170681281216,10.641448925558707,0
1.0,0.0,0.1779163456260861,221.83692758667547,42.61889563687946,149.92896230760732,78.78811096543846,255.0,0.299181682621801,10.70340500628856,0
0.0,0.0,0.27938298507210724,57.72547302384848,47.00453707452038,190.74344993990093,77.71718848163314,244.77581843048463,0.5872648186480055,5.119721213928933,1
0.0,1.0,0.26516652932789947,91.5896995343468,86.4328656172035,104.61086634405837,74.642100459833,247.46905469457332,0.6229819362267631,1.5681104932750864,1
1.0,0.0,0.23349522521757032,161.83569479107092,40.881766310363425,145.5023799725266,64.40306294952961,227.25418617783455,0.18384788156134968,13.50928310136049,0
1.0,0.0,0.1514090578684564,230.33615295680914,50.32006198821943,101.09925061398317,58.06448827305324,227.8420705526756,0.25108176069138044,8.439580999531003,0
0.0,0.0,0.09879065878353974,188.5100184712403,57.795186697601586,130.45025217738382,41.40656570879641,199.44977929338964,0.0810501979623388,10.414313207956717,0
1.0,0.0,0.15626122513239535,290.2174054893371,46.85175536829914,127.30971671108144,55.03837655965421,231.71608121831088,0.20698258371079484,2.408361128851576,0
0.0,0.0,0.26278851135979203,86.50326691287887,89.1317128360156,175.8229690984238,89.41993905811272,255.0,0.7092964096027382,5.152817292434404,1
1.0,0.0,0.13954883713569874,224.11244763403286,46.56693728246525,145.2931599696972,76.3527520653067,237.47549365242537,0.14095137581678074,13.14597252489267,0
1.0,0.0,0.16692419217308455,167.10827230739315,46.49363482271189,141.10320399416682,46.86236390257335,231.82369155006614,0.2541791551554998,13.950504302965188,0
0.0,1.0,0.2080729281652326,62.40406191308193,40.761698188842914,129.03649821141315,119.04027849319232,252.30398621807984,0.4058089643888191,5.1049494062502365,1
1.0,0.0,0.2572574563886694,187.64871496270015,52.21479323757343,65.88411622312906,42.01572903009186,255.0,0.11303974239136,8.66830389743699,0
1.0,0.0,0.25030464440795613,240.66025933739886,64.35154040060229,170.32131263416468,40.864760100064025,245.72138426301512,0.17498694917066623,13.853299542269786,0
0.0,1.0,0.2759487425377282,101.95612112864887,83.43822176445576,110.51766729413248,75.95650639569367,249.74440653492312,0.7042276627661302,5.746816654799634,1
0.0,0.0,0.10574882589952439,77.1360725873278,51.60818726762174,125.80386383097236,98.54369926368678,245.68010075461962,0.5339440390498204,5.100254407800746,1
1.0,0.0,0.0790817133533484,180.64346751052426,60.30195198863351,132.62098893055438,62.012496239937654,236.57991409785424,0.261442827510028,13.042738311058116,0
0.0,1.0,0.23449390889817573,111.1513655305795,56.313138355463806,117.08827547201938,57.77380840605784,252.02411704404133,0.6844854031180695,3.034581390927177,1
0.0,0.0,0.24514713489483034,160.7910099194149,40.99593343244435,132.99116222240875,70.23532649888764,245.4654856263897,0.4820111460263814,2.769440514554454,1
1.0,0.0,0.11232910648269082,251.76246673618763,46.390603986534174,137.55898309549013,27.330484017079684,251.32438149212948,0.2416589715635091,8.866495704262453,0
0.0,0.0,0.28139327737430136,69.72352397426705,72.75419773622556,211.47832132626394,92.25086969230341,242.1429000083085,0.394696472216018,4.54953496078955,1
1.0,0.0,0.16544165062994817,154.19040422593787,40.22354417395995,105.15103558895781,53.372266091387644,235.90733180489804,0.17709874084927218,7.611236028238431,0
1.0,0.0,0.08515840260220767,234.48539026225973,60.886269280435954,140.40690625252887,51.884897013256506,253.5259304571041,0.23941020703985935,8.721127155253296,0
0.0,1.0,0.25479461042130624,116.00785249216489,97.54904882120815,132.9732287543082,79.98901891860145,255.0,0.3114886301306964,4.78294662235197,1
0.0,0.0,0.10768216725045632,223.15923976337925,38.65714152310597,103.82084956610188,72.97236657736516,246.8581959553877,0.15733002629804443,11.27866774829551,0
1.0,0.0,0.11632546878780656,178.16401319797023,28.433767923222263,175.69942309685865,64.36447095206165,240.18335322622755,0.17043026350809765,15.713693423181374,0
1.0,0.0,0.1687028284923786,199.39555260769728,55.581183250871504,87.25124483522691,37.75523352026373,244.52810071081518,0.24834035521252723,9.436952285656417,0
0.0,0.0,0.2417422597654003,64.12003662654888,69.77781507198311,88.0627350344451,120.0,250.58562108074926,0.6495693754370362,3.3178856191444934,1
0.0,0.0,0.2154703749825561,72.09655351753253,63.74423060226182,143.79608268833357,65.02732208423097,247.25105320180984,0.4624185175353707,2.092942485303282,1
0.0,0.0,0.17203765562634868,126.90240076496325,65.5917057236111,133.643998675366,112.97469962710477,248.54773041886105,0.4622382643137095,3.188701094978775,1
0.0,0.0,0.1423765081809728,166.12176738321725,45.30031479164082,74.64349741310359,69.88581515870129,242.7875644335413,0.26840471184074494,15.4362124535689,0
0.0,0.0,0.2801680315121749,82.55628348901703,73.0644485442482,109.10800926094615,62.97746894662306,240.80740688363966,0.6620967023614378,4.201406169360196,1
1.0,1.0,0.11700064095714605,70.76574586583348,54.07307567479486,76.03663479707646,63.00357212165877,255.0,0.4482415222786625,6.407849318135915,1
0.0,0.0,0.24036950688371214,125.97103174034348,45.262762753587396,155.73856075612164,54.27712856049607,255.0,0.41668519915227914,3.8209647772357,1
1.0,0.0,0.23861257983348722,137.0747544662333,59.51001438131336,178.35585222830798,85.04884172106958,199.88149307768788,0.19800367683133183,8.594891572863107,0
1.0,0.0,0.20199523436980382,133.6976156958981,35.35462205089809,181.2620895878364,26.258513186988544,240.96758959293857,0.2304567759526757,9.67933540336001,0
1.0,0.0,0.21640970709245289,240.93888218774305,38.250659812094476,99.94964415459594,52.10202469355936,246.59229072012766,0.25261055779785296,11.633798323179597,0
1.0,0.0,0.16336961570359515,232.52250462680695,33.46649489404041,90.46035645458213,70.44484293120485,234.7984263484993,0.16422435072573857,11.5319316962328,0
0.0,1.0,0.12139521085048208,77.19091433782488,65.33946279015304,190.94126326743617,73.82559145790742,251.45689492407973,0.5211937201648722,5.012630881070309,1
1.0,0.0,0.18674388930249086,119.67114496306604,47.92715482141853,135.0042909934165,59.09943687467153,247.9175902487338,0.23154378017980778,13.276501726025783,0
1.0,0.0,0.155268775307298,120.09378240581262,40.903134073705026,131.8739654612924,50.46885179656894,255.0,0.2079046949288393,13.510129112304059,0
1.0,0.0,0.14586596570786503,193.72728699985498,49.347700645568914,114.66246372586805,77.93297082130064,242.1814082610864,0.1411386791274395,10.919247035476147,0
1.0,0.0,0.18241402169219295,236.07812525630717,32.15415734300031,135.4218765727433,84.5510994274596,249.23950509070258,0.28651609074285844,10.556928185723573,0
0.0,0.0,0.2578386522776716,68.22586681817381,53.41146876865639,85.99752468859468,119.62997822055497,243.49445366804326,0.5215374495746321,4.270109169901041,1
0.0,0.0,0.31995113445701817,86.13167094808931,71.7295364677179,135.6810389431609,95.51264227745165,249.86307839798127,0.5211843969488883,4.327573602762236,1
1.0,0.0,0.2330629607273935,189.1491474787815,53.79417041137403,65.3674179211651,78.35923129719006,213.7353663839216,0.23974615569377797,10.290377748751059,0
1.0,0.0,0.2528103564970161,228.6028720857072,47.52568845996623,130.51110649159014,74.45860401113794,227.78402718830515,0.18367320737327145,14.07624533496488,0
0.0,0.0,0.24293096326357316,95.24805919023768,59.10420864407899,97.75229976139279,84.01925269552953,246.46223857352948,0.3564570040286194,2.8152074236869336,1
0.0,0.0,0.13104361295062564,205.29472265576172,45.1249932190725,64.74306681126427,58.47007925046102,236.7521520369574,0.23441026532264414,12.532060996674922,0
0.0,0.0,0.24844643152898138,96.88642580523064,34.72268203417043,98.38576202281234,95.45682943101528,250.7364900019454,0.5095842840520698,4.939243265380025,1
1.0,0.0,0.201128521600482,279.02703432841867,33.456373317670156,107.01678349234834,71.91900574417818,255.0,0.16288068147846327,7.579672418233204,0
1.0,0.0,0.1584230488134807,145.40330498023434,45.07178466907942,110.54110034141627,75.15411880254024,220.96063342135344,0.27599760029571496,11.110162707282573,0
0.0,0.0,0.1271451871706864,184.57586057720903,34.226239230152416,102.06996950235428,57.035692983060514,237.33762174338574,0.2674567552556715,11.977102403663363,0
0.0,1.0,0.2781158566033266,51.442446199332934,34.02375430615519,111.99196061018465,92.27056485043042,246.84577224604573,0.47925604551878126,4.471022543592246,1
0.0,1.0,0.22376842267896657,92.76469799720691,63.43485810519662,174.26515266779882,48.099710321386624,243.6422573955386,0.420687774959503,4.2099885754805655,1
1.0,0.0,0.2413004856773468,213.01402532914432,37.71727797593387,96.70502578520998,51.64304141141653,241.08378072356874,0.21985233349412,12.576779372687406,0
1.0,0.0,0.10862048896756402,159.99807178011767,57.395840064415616,106.2102968318101,77.79218211063449,226.79982027463853,0.21981834782336757,10.25099797824409,0
0.0,0.0,0.29922939872104426,124.44990207387796,38.204368019679706,124.37524861569297,62.923234050136266,237.53594750302324,0.5512521864329787,4.98028178238281,1
0.0,0.0,0.29008753359518763,45.46957749141479,67.67714995828085,96.98557952865066,79.04560815242438,252.59109475222706,0.5793352036322984,4.091359648603692,1
1.0,0.0,0.14261987068506657,154.06567442569528,32.60947297473358,93.6457859597382,63.15744448382255,255.0,0.17798626815745983,15.457986288323358,0
1.0,1.0,0.24734160074844314,146.563407003444,50.47931362234632,182.2798315744652,50.446400710878855,247.10943270642179,0.5224048548303862,6.6302774081729225,1
0.0,1.0,0.21209285223432672,68.4493456486141,67.14573154818429,142.96235565062187,29.678958117014346,246.83363647644865,0.6084524051837435,4.397570688353564,1
0.0,0.0,0.4236754173998251,78.9916230588886,50.369509590826254,93.59303353429638,87.52869344907889,255.0,0.8098822900074583,6.023441825991706,1
1.0,0.0,0.09020584689824077,234.16644964055348,40.45452281256556,123.22333123022678,55.09990128736434,247.96024684515072,0.1789321596114779,8.977852838448195,0
1.0,0.0,0.15916799598895778,220.43264057403354,35.20278775283193,140.40661081430073,55.877320489953114,217.51228197063452,0.2971764440561099,10.518242942607234,0
0.0,1.0,0.15850190341434706,137.12409768719021,83.56480636267997,118.60263603238894,36.90650613069073,254.6404530549554,0.6203492148225025,3.6810571093276083,1
0.0,1.0,0.15087143394768793,94.20415697105685,78.36955530304633,110.7677229018172,75.87657598920856,247.36002989117193,0.3882828109954456,3.5834983138655563,1
1.0,0.0,0.2245363068424976,182.14853995966953,50.74071220894001,125.98271957960301,77.89966508890689,235.67137324268847,0.26977170410995926,13.781204411084511,0
0.0,0.0,0.271004906320154,43.93551421771733,79.42980783607761,130.15207143874713,120.0,255.0,0.5683012928311483,2.276652864484037,1
0.0,0.0,0.28256418296996283,85.9943130115614,49.25516751635088,57.2852646872706,84.72619986700442,240.24198543558558,0.3784291681361871,4.1650926173500356,1
1.0,0.0,0.09662335428728636,219.89635249734044,49.57805609925785,35.030222250475774,63.474112112521375,239.37792333001278,0.10857970595790185,10.459821961659191,0
1.0,0.0,0.1489316352825782,149.30520238537312,47.327867429401635,87.89425311317005,44.3170577148892,235.4567213430151,0.1233658014538133,10.996976983638305,0
0.0,0.0,0.23440733757178553,25.381900983544483,95.2291266569096,124.69404848441881,81.7591110829005,249.70784940501255,0.5095204620579707,5.30054287200929,1
1.0,0.0,0.13135834239541164,285.9688953103648,18.968629121727012,128.57409860384197,66.75919574147082,209.58484092493728,0.21477558457951695,11.918797410394763,0
1.0,0.0,0.11004039966748731,140.51666704548194,45.006828189574826,159.35080347817984,74.55474302682423,246.32575399504645,0.15754475745048885,13.04762683688365,0
1.0,0.0,0.19415548885735795,189.9254233026241,43.20906714983844,163.2583501740567,75.57909103813225,221.60730963280974,0.15961747211266175,12.54679566535372,0
1.0,0.0,0.18389629356696346,151.81205368946945,66.65056067806603,124.71383756972823,51.2037727666684,255.0,0.24658329834340476,12.254470834268318,0
0.0,0.0,0.20018805106124385,74.69677510652653,53.26994761233445,157.59556992609677,88.95173940678399,238.91204460320614,0.5209558517988852,3.317928565150488,1
1.0,0.0,0.15922756515985184,272.1816001734407,39.64683287432341,106.24084091696747,91.23990483164697,249.9531842774765,0.20008915205523045,10.61181727996707,0
0.0,0.0,0.35125662726917606,62.333995197839116,81.36292505905547,58.762603809399934,120.0,250.46027568655995,0.46084565101454955,3.984365220734835,1
1.0,0.0,0.1352525160853986,176.49789261202494,52.35621997245747,121.36474428992256,65.4059009252712,226.5960747942132,0.20070024836856903,10.733412915530202,0
0.0,0.0,0.19060235314415613,65.26538758573686,38.43397170367864,53.788954061935186,81.16019804434681,244.51562460308006,0.631575448665207,6.650749257989768,1
0.0,0.0,0.2916897942703471,64.13066875807954,65.73962497280334,130.68295775838612,75.69775894178817,252.49441597384106,0.47198561186122284,4.885174885987084,1
0.0,0.0,0.09165601516993699,58.435028371738085,92.83254972191395,193.23064912502156,100.0456732391328,251.28686553208675,0.6810605912813463,7.024971863891294,1
1.0,0.0,0.10823264733701213,304.98608945832575,37.64696539318048,129.73375813057552,52.29149060026735,236.0165923122219,0.14427338424959693,11.448178107604084,0
0.0,0.0,0.15846804120180388,234.01080527252248,51.65416823691778,118.20521569410289,77.86628782160216,230.9942146069334,0.19264302475929465,6.460443937448329,0
0.0,0.0,0.23697656751421647,71.50583309768699,53.3394277273114,223.87835679740016,49.6948318182957,250.816801774579,0.35679348414800405,5.310026702584711,1
0.0,0.0,0.12192768172187876,58.771223155339214,70.82563593845252,130.64999779931472,76.27298122993035,252.948196156787,0.6127680417874475,4.128068689008166,1
0.0,0.0,0.22458279225950128,83.2822541549891,57.83883940710799,237.13607442710324,56.639618767220696,246.1247751849188,0.4464038071393361,5.360650664852852,1
1.0,0.0,0.17343871280375117,221.64799126803481,48.131321400131554,137.5294249930593,34.93245341258903,234.46021844762717,0.22352549236892785,16.815714637138484,0
1.0,0.0,0.17691480395248166,252.3658853310724,38.92645566787789,161.09103322962554,60.50854085523506,222.94450675278767,0.17858408711011223,12.718181285068567,0
0.0,0.0,0.15163603244380663,106.0746377749069,75.0729675759358,173.3791491380589,55.6659621859468,246.08823038749003,0.610826716634419,3.9504874842933635,1
1.0,0.0,0.19078686062696484,149.01678306539424,58.46225756202748,53.08595942626623,50.741816300280576,200.72800201961581,0.1288561546094223,11.80302899979925,0
1.0,0.0,0.19980238429029082,283.67260451492683,49.35975389500046,116.24476714850508,47.22690030331022,247.82174098589294,0.16139038060978106,15.380906364815377,0
0.0,0.0,0.33260369634733256,54.84242604658307,69.79287006174434,141.68207834502988,61.85730075443884,255.0,0.6360182638395158,4.916973660328384,1
0.0,1.0,0.23949944263261563,71.6334981754773,59.00151406803295,129.45930826966176,75.67438109802106,255.0,0.6098996341684264,5.071239627517881,1
0.0,0.0,0.18042695349802446,129.48442682971762,85.26609338619708,143.69137998805587,52.331579634147545,250.51322764269833,0.5019425586797526,5.599768976133836,1
1.0,0.0,0.1743250821913101,283.7246216673769,47.57975981221181,87.6996261758696,63.15454560332993,255.0,0.21224785465860022,16.103571569305785,0
1.0,0.0,0.19519674205430976,202.90113674041976,30.20555776860276,54.85285785718658,65.73980327216238,230.66594665659005,0.1949006672703161,12.339639753915726,0
0.0,0.0,0.30370720611603724,52.19905073458068,61.3900223820468,144.24938950759727,77.78995592294918,246.9636929295696,0.5049798108334157,4.0862400601553155,1
0.0,1.0,0.32625000363008694,30.353376913151116,68.64323019725413,154.76948255100427,106.80807137147278,243.72919506502197,0.5738171306139629,4.161972772433701,1
0.0,0.0,0.23201152145535373,78.53308449577683,64.32660454816194,105.40144134270605,52.703556252951714,245.66038768624423,0.5005809976933088,4.897745884119881,1
1.0,0.0,0.07890946666290781,135.02093815362014,51.820694900626314,116.54327302343407,37.026970271345355,238.7661945049282,0.18122499799622147,17.13018327855484,0
0.0,0.0,0.20699392805645228,227.6625609992392,67.12531039397243,95.9315991858137,49.92731689529182,244.48628601031658,0.15802362209911713,12.315781286467498,0
0.0,0.0,0.20149804087905807,215.56543367214425,52.44185710315035,145.13292664639766,64.4767772097216,228.5637307409563,0.23521681049270396,14.866217896832595,0
0.0,0.0,0.20105847272757715,72.3146074251386,37.53282682492475,134.1518508145608,84.04135676519343,254.36076552842027,0.6540057890793389,3.984997236221326,1
0.0,0.0,0.13745834917724764,142.5868355623691,65.46862195719558,146.285075015737,76.77824916382988,242.72984823934198,0.25899942648448937,11.897706162012327,0
0.0,1.0,0.15484704857061377,58.11192590577771,64.06040634009148,149.00825494343712,57.092912526816,253.16612655057546,0.4342584209784567,3.0140651649341135,1
1.0,0.0,0.11490041560966222,274.20580142679825,37.27340554729176,134.8219175692656,77.39759949582516,234.00801764290722,0.21406152461093023,13.530674525263482,0
0.0,0.0,0.07605442156129355,111.188238355084,49.58168114788699,137.74326455255564,32.89437907602276,210.2705327139193,0.14040626479043752,10.589275368202452,0
1.0,0.0,0.056673169146346986,187.2522103223151,27.523634901717383,91.93211103712723,63.881547078658826,235.40979068463886,0.17676163880441362,13.199063298878933,0
1.0,0.0,0.13876834250014877,186.66738353827927,53.93697689389111,98.51869691172479,63.20713190911595,255.0,0.3060815653665102,13.580540785079625,0
1.0,0.0,0.1492345075413502,148.53142459089642,33.46667596794255,129.22210709159066,59.30608174100486,253.4753935252048,0.16201634911237234,13.638084071284402,0
0.0,0.0,0.20058784836525198,58.00901013428032,58.3108442920826,142.02957825904983,109.14659619118446,253.6594903461719,0.3427644818304002,7.581772334107139,1
1.0,0.0,0.11327042116009753,214.03182022450682,36.846243716838785,103.0081622635583,39.77734431858765,243.8060594516225,0.1719034943071037,6.360521672263131,0
0.0,0.0,0.2850780591047782,77.32297537335653,61.354082016787004,150.26020213279028,81.0392180034353,249.62827335120738,0.5226993251977416,6.330825905896849,1
1.0,0.0,0.09639304940071965,261.87190673420696,55.68379333694016,101.59237183911617,51.702341319790946,236.7631931050767,0.15767510985655464,15.637065435366626,0
1.0,0.0,0.11415888396985974,227.44419176586823,62.120402840178926,102.3266360165662,69.56408718346813,228.5761820244567,0.21086039687642005,12.59457385189584,0
1.0,0.0,0.18095771305025987,169.66498526173515,35.26621161972965,111.67367231053345,66.14157795963378,232.43552976281066,0.12135053714635696,10.909342419549928,0
0.0,1.0,0.2728443259886126,61.742308302808986,93.35661027733674,98.95658530103543,117.10594858916625,251.1604731896427,0.7137082407992743,4.290686935608145,1
0.0,1.0,0.23592913500541307,93.64222736423403,84.55261897902139,126.15328607163352,73.401830946749,251.41017109604672,0.3775938189131965,4.781189073133366,1
1.0,0.0,0.1406514348507277,144.99228835141525,68.2004072201726,109.90342230365479,68.10431916053543,238.4086404698787,0.1095366142705871,10.767704312626869,0
1.0,0.0,0.15566352052688823,235.22532699123616,31.271405485189362,106.39090837224951,55.19422410844808,204.3235251019001,0.159886408303274,10.02495725796198,0
1.0,0.0,0.06535215929023072,119.61694864409706,30.33214809384323,119.72134315296553,40.476180257950034,237.6446275733294,0.2593538839370878,16.000244617051194,0
0.0,0.0,0.2458885021129211,31.085802688545797,45.8145389567032,150.2075926131957,45.10487707100712,253.51266656966928,0.5508857703668896,5.33974267324209,1
0.0,0.0,0.3300836874053713,73.86586337041635,42.88801801936842,138.42346525826576,55.47199902672405,249.1024271256376,0.689192088767992,4.034404794366046,1
1.0,0.0,0.1706899548725749,190.93879133909485,51.95202900083999,155.35538069395267,46.06811877821312,255.0,0.3558840564604024,13.123583789868155,0
0.0,0.0,0.24152413165566916,108.65901674713258,76.41269981467217,174.28309765461057,28.71911867999789,249.95167789343327,0.6860168130828014,3.0200114584138342,1
0.0,0.0,0.1081574025434495,116.17983549640448,72.72941482436701,143.4072045381178,77.73194791177505,243.33775826052718,0.40844759330862934,4.856463984449938,1
0.0,0.0,0.17516490383643235,138.87761571592384,55.66947791668428,132.1678931818059,66.0407732310005,247.50430524264817,0.7137211644702854,4.292497076975433,1
0.0,0.0,0.34501435107692513,89.48467871548334,52.24197081879434,158.28791272614905,45.11924413420499,250.71653152500002,0.6402271399943453,4.990755829316686,1
1.0,0.0,0.22807555983634265,153.7883427865848,45.78143062969647,77.01986130781042,37.31206552051687,218.66655525740688,0.21571693415657153,12.925850668322115,0
1.0,0.0,0.215879876780398,244.51237504182544,24.135223416289154,91.76931898000862,59.334578167326576,255.0,0.09321000756325973,16.119694014459185,0
0.0,0.0,0.25170493189375537,89.03322017575226,49.761817595150326,160.8713173145549,62.01270360772238,255.0,0.3666294232370566,6.281570076207682,1
1.0,0.0,0.1398209819948819,229.22064902362422,73.68403055666768,146.7620279919516,47.363510548105104,225.91137688976988,0.17781965848963072,11.974119275230658,0
0.0,0.0,0.16608489030980067,124.8459849120091,56.373145423647294,96.22429658654363,64.18199718578191,231.21310914826964,0.25607496059249646,14.581643791555031,0
1.0,0.0,0.10224387103253235,209.5317795632512,41.60877720729961,135.696695572111,91.27069381846525,245.73649973538804,0.14511945088621367,15.186709624198716,0
0.0,0.0,0.2220546563105442,130.55042836125529,52.57705590552148,133.2541946055159,75.86081741700775,245.58065552429636,0.574347507713677,4.3037991094095664,1
1.0,0.0,0.13522992949304852,242.72626135333078,48.641402960546614,184.64786032149425,47.91300517673693,255.0,0.18332696534091142,9.064494260699634,0
0.0,0.0,0.32755657604213895,61.76374217972547,62.75088921381336,115.33552652269053,56.57097953142157,255.0,0.4849343378663805,3.7508232106721797,1
0.0,0.0,0.30800766294783977,76.31873199212828,73.29723734568813,127.26351377620323,59.057728675500385,242.98815358288087,0.5720630804307164,3.4824980559967598,1
1.0,0.0,0.1649646290203246,162.07523326499654,39.36052511941757,107.86914021929931,60.347939678360625,255.0,0.2157064748225333,8.354467215453123,0
1.0,0.0,0.1407356170561146,167.5313480839287,47.83751023661501,78.79791333090753,100.0,247.81134180538066,0.19939782235200343,14.302564599327484,0
0.0,1.0,0.2299962788320838,73.08426124459247,73.87023862637601,168.2084583765067,64.63861961049886,248.5365727051236,0.46140292661022236,4.698896508039152,1
0.0,1.0,0.23925530068235618,64.06357116177205,58.22075942132184,118.34715945982846,99.86811594374323,245.87083613380977,0.755419384125607,4.943899860519143,1
1.0,0.0,0.1718279902078834,197.85883093442126,68.03638752104789,136.37360140597067,48.692068294635575,255.0,0.16222505584330255,16.83965256420151,0
1.0,0.0,0.25287477348558496,210.56418461397362,55.0713333647316,158.73821517047637,55.84992342421282,230.88264161076563,0.1473726404064945,14.620291898172887,0
1.0,0.0,0.09951346476450312,87.65553330076973,56.464408704007276,124.74267675969553,33.858420391784385,255.0,0.1669582882094927,11.504850591952733,0
1.0,0.0,0.10008072804058542,131.11912496228814,51.87065795858916,116.98572838284885,90.53810302772689,216.30845551923602,0.20059313395903922,12.203192918977672,0
1.0,0.0,0.1776244977208574,200.9573888707876,26.16849791941416,73.03055905183211,54.94657309822292,232.85169297849714,0.19478207752809568,17.19335859892488,0
1.0,0.0,0.1439525925696109,188.45668130776156,54.778155496862006,106.16490803896143,57.25048935710704,255.0,0.08772070512174186,12.38131470724404,0
1.0,0.0,0.21448763770413726,224.98425551514669,45.188190497405984,73.45463252823214,44.455361289393444,229.5260722687291,0.1691612319240146,9.8389332366607,0
0.0,0.0,0.178195456002618,137.1211070542692,46.58053489920132,112.60849792456357,57.740789780551005,237.69003502203253,0.19430937307931212,13.806687062220746,0
1.0,0.0,0.15704431234556018,223.68160384057273,59.974316831796266,125.04046021597586,79.38090501489785,248.68392972856853,0.2630424759999655,9.795098089332065,0
1.0,0.0,0.19267077793901538,223.31791872231673,40.84033072052641,98.64080318223232,43.079061677884596,246.57619049244968,0.2019277584392159,11.716019595745088,0
0.0,0.0,0.09851082664369715,96.69659373601274,44.4971245507876,160.64901786376106,70.71699378577622,253.53728855432192,0.6777856655030514,4.26686635120836,1
0.0,1.0,0.2500165651934558,114.77222194867693,75.51050918180876,62.392977714429094,75.03953689511621,250.06084841141453,0.4870779327152638,6.41742142118923,1
1.0,0.0,0.08217090976882974,197.48976914791277,46.94051943605874,102.46634124448686,54.38198773874624,232.95353303494295,0.27418719551018533,15.036666950332256,0
0.0,0.0,0.20033219213991071,100.0596441427372,73.22479441331748,121.85282169820626,37.53117392090766,255.0,0.5042781460680804,3.7384248462754295,1
0.0,1.0,0.3177937341720337,38.02081475594176,33.01106560767745,147.4940465743424,82.96096433018525,251.42377296692783,0.5833230534990023,4.007437110874797,1
0.0,0.0,0.21238710363368668,213.29391148260243,62.8179890877106,136.75009269635117,67.56431780076409,215.37929826596854,0.22818939375034575,12.599681880711813,0
0.0,1.0,0.12326912455956082,26.71260999600645,72.70421696346645,79.14371109990603,77.73493294798462,249.3673371012647,0.4944713897398964,1.478905088643355,1
0.0,0.0,0.30675614537112317,62.229321330438395,62.27826396128725,160.29894132449292,86.11882903291685,255.0,0.5200484962452523,5.284985674092883,1
1.0,0.0,0.12091595430256781,298.82202922577426,28.314007411218046,102.30323046733176,71.26309169101998,255.0,0.15730884562478115,11.565315449213534,0
1.0,0.0,0.11474940721207955,69.78930716864329,56.86734620177331,117.24881927564623,35.59492618699877,224.94841644750744,0.17077995117019845,11.192080835743788,0
0.0,0.0,0.3250056110101247,65.86626044546364,74.49990239106857,130.04646269317533,58.25819732769921,255.0,0.6530919338366907,6.2221362995961496,1
1.0,0.0,0.18710476860046535,201.63984977057933,56.059004243573085,101.77583137139078,72.63445990520854,246.59179035686986,0.18755131723596624,12.308572954259121,0
0.0,0.0,0.36918907508816656,94.10132562104606,25.53904794756405,139.3217933207608,70.59772537490343,252.37875995915766,0.5474811316470521,1.9428211413148282,1
0.0,0.0,0.30104408811526057,58.071311728535804,80.14207682893954,163.94903999980187,100.1523811271872,246.56730623423115,0.5287910330079575,4.165461478100397,1
0.0,0.0,0.29043761273333013,50.53117897235961,22.413820107718593,153.84522350257583,57.18502272895473,245.08837863861612,0.6285345603010284,2.730334875938237,1
0.0,0.0,0.32580211696982864,54.610520676027924,86.7095854908771,139.05386055294312,87.4617469577819,255.0,0.6223037939579864,4.423146246701712,1
0.0,0.0,0.25004223670852777,116.01594975421618,74.50491537161088,100.22436695420873,105.97278590048073,251.71463188660672,0.480263577208383,4.338932072384932,1
1.0,0.0,0.18540543383442953,259.7054701523686,23.4761645539082,154.78143129901565,75.40341927386872,253.79807273931647,0.2983458481254127,14.016691005410907,0
1.0,0.0,0.1197192230131568,179.3267419438362,50.05965553455865,128.85839821862606,69.13103383686625,253.59816235664945,0.2286222653077551,14.024143825370603,0
1.0,0.0,0.140855177944758,106.17236469790629,36.760645130280004,113.52118438949303,57.17696341840768,220.6577911918547,0.19355613106556233,11.03954583573256,0
1.0,0.0,0.13454417678987493,223.12956464269757,50.540577711159074,130.91911892558215,61.184460685021264,240.85112524945228,0.23849843656676115,14.83905146372869,0
1.0,0.0,0.13487651567559358,202.488684359048,43.51030690232703,135.09756194248513,47.97708614843188,233.32789742744265,0.11310976920767503,8.617835277589903,0
1.0,0.0,0.1566770452391141,113.70966356047016,36.38296929743742,182.79593796629834,50.38378100192467,241.7018406008483,0.16125185879680076,11.208301135164376,0
0.0,0.0,0.2417396191880762,76.68003894328012,57.278259876278874,161.1313977610755,45.44775186161111,255.0,0.5763755584822576,3.7260285159763806,1
0.0,0.0,0.3163579873545399,62.49202020961985,63.813989872031655,137.6813174658081,84.58006286785518,248.4546688163087,0.512261348253779,4.179110300473252,1
0.0,0.0,0.3262509307130596,126.88666305524593,80.54131476569384,155.5749560848207,52.93631237533813,244.24001226210427,0.6141947129443701,3.7699855156776048,1
1.0,0.0,0.3525315036003015,119.85922484744694,55.25259671753845,128.55489645108793,76.84753583279848,245.72753268630973,0.5935947629715472,6.596766460547247,1
0.0,0.0,0.296935504118022,49.49950614270509,73.00038867058174,132.10497416362273,76.36743131935317,252.36572726633892,0.590968534374655,5.265803067676854,1
0.0,0.0,0.19474621884722207,177.39548335834598,60.23238621712258,64.21989685019827,65.98976402578697,220.43115834299292,0.17965128168133146,9.5543358768344,0
1.0,0.0,0.23558542400711718,172.58563517546995,33.04706236400755,103.61874603549836,43.11619328952047,237.18210898486922,0.20291063635425283,9.710612397166098,0
0.0,1.0,0.34295026420865526,96.74418543555518,67.5208970895023,149.51705117760767,45.686522853158095,242.53768864997005,0.6099450686321705,5.827263874201738,1
1.0,0.0,0.09483166969130631,170.12449026541793,38.72266093915494,165.2739304021365,50.92265646591004,255.0,0.24317186400949395,10.416026211265468,0
1.0,0.0,0.10865598229800699,219.4807088685452,70.11556551584424,91.01529829888749,69.58015709820451,228.7881651906268,0.14229183076102295,12.018900450985333,0
0.0,0.0,0.2092829099434001,85.11391312989713,61.67730105571814,110.96496299488467,41.100531229667745,245.33814378409005,0.4096441370436338,6.520411866583494,1
0.0,0.0,0.3463107549735053,96.59120257557075,34.88814708882485,171.3005614530385,57.091440781499166,255.0,0.6636191374642543,2.7680484919067334,1
1.0,0.0,0.19960211747682613,150.09696863427936,35.620744234636014,79.03147787429552,55.30997331401464,218.38527548212622,0.1742530646783364,10.800088393219477,0
0.0,0.0,0.39202487140876097,105.00001735340922,72.40482271464727,224.21533980512027,65.59593322429377,246.2256690171404,0.5192428582884201,3.368552801089286,1
1.0,0.0,0.15430719415231872,196.82377126923225,41.0377032189824,87.6047265665554,83.1048596972983,244.0377138038274,0.2084873883985331,11.476560966720218,0
0.0,0.0,0.23884429794552003,87.02073363059444,59.17479592548263,146.70534801969825,48.2686299937016,252.79361918472242,0.5859055093480368,2.90147595327065,1
1.0,0.0,0.13756544369082263,193.42637021641661,50.73744421004413,155.20326829897334,59.144382497205875,219.81996768877138,0.1613728944078882,12.39408639610236,0
0.0,1.0,0.014768909226857585,77.94097861743595,48.465953893162165,132.16339123473898,75.01511014909191,249.74228895696174,0.6144689803284233,6.719222642791309,1
1.0,0.0,0.17202373689801995,166.90089111016954,26.199899660922362,105.12365483969552,53.570182096252,237.75816460252517,0.21489380955119228,14.495544139929324,0
0.0,0.0,0.22570191769786682,56.487394366267154,67.92263510405208,125.50397576760959,92.08804002241439,251.62329117751258,0.5010843824815784,3.9972495401604227,1
0.0,0.0,0.27082574710169766,85.82322892860073,62.06914473234464,130.04659863215682,62.37125945033633,254.49255852275783,0.6044582400793629,1.777674255777891,1
0.0,0.0,0.14610814014935988,199.6739342385271,48.958197810959234,104.62877277969919,61.397375065496135,255.0,0.18042150113219804,11.582963148254017,0
0.0,0.0,0.26705573025901513,79.05682488875671,65.11820277042092,129.74590670611676,69.30326124515597,248.99899372849816,0.5573863434410881,2.762095104510772,1
0.0,1.0,0.21398485881188706,72.54414145776651,60.415713333975305,186.73251644247554,101.73314715517967,249.2176131193842,0.6834229194172691,1.9744011485789272,1
1.0,0.0,0.15682676655413685,167.49880327965508,44.2433439567417,104.0182350534929,62.240128665898204,230.03023353746906,0.18274479515904052,11.13523179833293,0
0.0,0.0,0.21223275378422982,118.87615345589043,64.10877228091259,180.24608513313723,53.019104968902546,249.84240743335948,0.5967690103858886,5.73888537454598,1
1.0,0.0,0.06924340920472452,273.20886193762186,36.68045082505549,84.69113661690096,49.9778542750835,230.87259144403197,0.09235432421212422,12.040935604828235,0
1.0,0.0,0.1524430035162852,152.17818115909955,35.476836192612026,123.3160595242182,95.72570297598818,222.56901269615577,0.1128163698801732,11.003886812526583,0
1.0,0.0,0.07808610108413165,239.45283436877594,48.514799003522015,171.78679636906898,33.30901604239169,242.88977298972037,0.1747683128855383,13.732038025752306,0
0.0,1.0,0.21865934807649423,87.81326790000668,47.85471031889407,151.80911754920737,62.1777147955071,251.84508218912583,0.5834327054553504,4.3988301621672266,1
0.0,0.0,0.2702991729195659,61.88058122092312,83.74257351059238,135.11017044172144,99.54069194097744,255.0,0.3281430034048901,3.0172064882011496,1
0.0,0.0,0.3717052841537961,33.05591685913834,62.7463551680261,173.70415732031495,101.9029524090483,245.5137349691937,0.18989148955404822,5.168516860622886,1
1.0,0.0,0.19167644808044623,275.5577465123674,47.98158465990526,126.32005395609332,51.92139490055064,234.632580998381,0.16314853194236514,9.359721077032283,0
1.0,0.0,0.16342961394316285,217.02946082002484,47.078025073533134,61.513148467368985,30.360550501625706,255.0,0.15441913489230488,12.232339131707445,0
1.0,0.0,0.07147496981884113,268.6424237338265,41.692107756724425,102.4527703974669,65.51265615810904,255.0,0.15344991441837794,12.349955240803384,0
0.0,0.0,0.15960245582450158,233.3156250454606,45.79597862376036,117.9562972449614,48.36187765250274,221.86201933140592,0.19587037123243548,9.83928684514866,0
0.0,0.0,0.19302367441798726,198.8223924562881,50.22250636017779,126.80052745483792,61.605861794884454,217.77628842672948,0.22306360421589158,10.407886964324026,0
1.0,0.0,0.12783588744042448,144.17377800256705,49.004813865063284,99.82543211980992,52.66670821434463,227.6868161638547,0.13570679913601424,16.06607683652215,0
1.0,0.0,0.1501523010076707,221.0486472194695,42.573187231879665,125.75693207619108,66.41721592729355,238.29499966377847,0.2205976499530905,11.959864901878534,0
0.0,1.0,0.3240972321793274,100.78168265350578,80.80978656774315,145.1214285591554,65.05291257171814,239.5962973730451,0.5137500997117932,5.587244060228747,1
0.0,0.0,0.1768326376263643,208.8410436069699,50.69760357198647,152.1578959563539,54.04015121172957,227.78983996062667,0.2287020965442015,14.912477206409807,0
0.0,0.0,0.29006755799555656,102.73765549770859,52.325878421097556,140.5291009288008,83.12112244856162,255.0,0.6042203006909049,4.923054315693331,1
0.0,0.0,0.15985860248721556,46.097919828789266,43.89777485753693,94.62776509053256,17.00972240263036,248.21004782793332,0.5221627032392107,2.1934382872049962,1
0.0,0.0,0.2216767431247181,81.23976896811855,63.33781159581369,79.62218916387329,58.956011839296416,248.04795630859763,0.3969720864070213,2.2152413037392282,1
0.0,0.0,0.1487486520627428,183.96661872214042,33.181258745791986,121.3307639254682,55.91384975094469,237.22353525868172,0.17748733061108643,9.743364100030451,0
0.0,0.0,0.21508706446993991,188.47996428971163,36.83782755458035,99.41162592734747,80.265236287305,239.63402149145764,0.18419585194385135,16.075324912186026,0
0.0,0.0,0.09775954029894832,123.4446248722139,27.23988245951598,92.98228942391815,57.336060078618914,231.7411939949894,0.11029282444006999,13.533650414179593,0
1.0,0.0,0.10303323030906228,145.4149561930343,44.97596159081146,102.13395194448422,52.23363829166671,232.24729675239257,0.25891264237740014,11.599813783479238,0
0.0,1.0,0.2574275920912892,44.96661346196195,44.42385306104742,130.04229948964556,32.5210483459867,245.74557955480552,0.510471645198382,4.069335742706485,1
1.0,0.0,0.1430772008008113,203.79776339580437,61.95722877810866,155.65790469261026,59.451150384856035,234.28854894207294,0.1697160000032101,10.12397468061336,0
1.0,0.0,0.10575986429865494,261.79058100034695,46.31065186215849,126.69812507760783,83.83410492666124,233.59793707597115,0.17472551222777444,12.590107659560925,0
0.0,0.0,0.27947818210093067,245.11385868933235,40.68874430424901,113.11853004433598,74.07960034018417,243.0104804143332,0.14704814389939513,9.187005430655692,0
0.0,1.0,0.2853552519655527,131.12316548766472,82.57576872074239,143.44340869423553,41.5106107909351,247.012605709878,0.6665594895144129,2.4507024934966237,1
0.0,0.0,0.1683682753408089,226.73145430612178,44.6771938895053,110.98602153837889,38.23608163333164,218.95700764188217,0.21321451050766257,12.453134870862625,0
1.0,0.0,0.23326225010043777,59.966613305933414,68.645070830816,150.1275841765739,82.61556142730103,246.3325896666086,0.5827072374877845,2.663396689429092,1
1.0,0.0,0.21065488499895918,145.63770305685986,35.83725899436275,59.34604080114158,53.85298134309701,233.9506831213359,0.27182147597794337,9.190303987186015,0
0.0,0.0,0.4430092337290333,65.49315548460389,55.88530481939791,86.67904529351222,72.71055256402275,247.8210513518818,0.6640250552671205,1.2120320155801787,1
1.0,0.0,0.19703855939941078,276.6716850648163,58.3057490403904,130.78427392641376,30.674268445225756,228.7680030596992,0.23434289555061283,8.684344595127108,0
1.0,0.0,0.23036727880099964,241.30235857207532,32.23695583461664,111.82365835914572,77.75981164795334,235.78253936303165,0.1971018000165849,12.487387731030468,0
1.0,0.0,0.05122667168230642,233.43708277962563,49.751677464953815,151.0890867621744,59.86226469922292,218.80911361649166,0.235379591098731,16.157328617974592,0
1.0,0.0,0.20867369287426624,269.0727039345243,38.858774349916835,126.69459164243091,50.50152904927535,238.07604779274254,0.33961044339549806,15.498544816634707,0
1.0,0.0,0.12240709270537765,199.30811269528814,41.729826823902286,131.86262956164114,53.834625952452406,241.6202118146925,0.18678220833982667,15.16665313299603,0
0.0,0.0,0.23718937635466877,67.61006533569697,68.85798455533892,130.98757075727627,80.94924106235634,254.4502886623773,0.45749153795213654,4.594848219769652,1
0.0,1.0,0.23310958089378445,91.81391894648755,59.03480459578094,156.9662204146641,50.00359320821272,249.98815541933595,0.5051304317380516,5.226887068258912,1
0.0,0.0,0.17141535486038242,160.76190459361482,33.85953549838007,168.4890012816575,33.85578704270002,255.0,0.1723715326940574,7.074228546621498,0
1.0,0.0,0.1387617299053658,180.3993680040435,43.63004510557542,103.17717279060419,60.51044379520022,229.18544837295156,0.270972784039892,15.210261737947244,0
0.0,0.0,0.3380767707998857,127.34354172686554,47.30946317551074,89.83035023188235,98.61979810611345,249.66361267543232,0.5813723182896907,2.9934932605591404,1
0.0,0.0,0.14499229617600234,120.70083438810208,39.68545448640785,161.79543773804718,45.40853224859999,239.75665323606088,0.21710530198252093,8.67748090694138,0
0.0,0.0,0.13339588004280556,69.44236046550472,56.74172102437268,124.30362850461688,86.82272235847864,247.89400591693544,0.5559691880579737,4.837885022975399,1
0.0,1.0,0.1374946029062533,106.23551222397568,62.74519309592192,144.7679350420815,50.3491937755944,255.0,0.5113887223913859,3.397993359484711,1
0.0,0.0,0.09998620242834044,97.85088397506695,73.79248700589176,125.70384038998631,42.48911932875878,249.55727892708492,0.5613970668127772,1.3279596013893968,1
0.0,0.0,0.1338660080578932,240.5698277245796,42.77525103221735,136.2272555568297,56.92073970755623,233.43394016393512,0.10624963062640319,10.43226793806926,0
1.0,0.0,0.028787986986352904,153.72876869702063,23.100782950214466,93.11002024223815,50.63234317367134,237.10043660328046,0.2486221998959005,14.320039147879218,0
0.0,1.0,0.17581174926475407,5.0,50.07277277219931,191.15186879080088,39.618993925212024,244.99342672901017,0.5885710840531453,7.576870414904195,1
1.0,0.0,0.15611487515161418,235.98789710740908,47.22289855800854,90.4338119783721,62.24184134494964,255.0,0.24066402030322967,10.649059152532363,0
1.0,0.0,0.1420735213486515,276.686385495825,64.53259137526568,182.93818017397294,37.53829997091377,255.0,0.23821066016694278,12.879155887435147,0
1.0,0.0,0.16119570670323308,167.92565454778452,41.27680947062077,29.771029809187283,47.30348547811532,235.51769866456195,0.2887745424620024,17.516172449711682,0
0.0,1.0,0.30575635236085885,78.63463264096274,56.658218798588294,121.28431321145968,73.59559276964767,254.73403783255935,0.40121382965093777,4.325142980320007,1
0.0,0.0,0.24765897490520172,5.0,71.42279371715864,88.28862875814187,98.31833040510446,254.49058662061174,0.6305574702806174,4.777240550432481,1
0.0,0.0,0.15409146792737824,158.47777967217172,32.929783521427844,156.19824464591744,79.84116700327704,222.1362524103941,0.20611215022735332,14.20599272447495,0
1.0,0.0,0.18795775801513234,131.7022144399733,45.771564962177166,69.81318296065277,77.433893962585,251.01715117501826,0.25894329685184697,13.926158989218067,0
1.0,0.0,0.22355851637468044,255.86994079512306,28.173413058773143,149.83342126526722,66.47447444456395,237.42489519112826,0.22352414980645535,11.53927749541822,0
1.0,0.0,0.08951794906543972,218.1815941312484,46.480894197982764,151.06330249250834,42.99254464790469,206.9205844086614,0.2909885893656299,15.568321628986924,0
0.0,0.0,0.16425142135678755,97.50632909035663,56.15157865305664,95.73871140004391,76.74947507361479,249.68127357248017,0.6662573668187841,2.655710623173921,1
0.0,1.0,0.03374141656006102,132.6642709494647,56.21108490023367,173.63767413456674,74.09491396071327,254.47116387250466,0.5521888821164835,5.821593281070998,1
0.0,0.0,0.16405957119846878,196.20244881787386,51.08246191684969,115.18106641423518,40.896216771051016,241.98745715243467,0.18766377879427798,15.159639847740971,0
1.0,0.0,0.10087563032308451,128.80214237749274,33.03211353573688,190.47227360102272,54.465908414528066,246.25202361724672,0.09673486124796948,13.393521392127964,0
0.0,1.0,0.2910484638540866,138.62472301250858,79.93372271003045,170.2505020208834,66.32253074041621,252.84136688576393,0.5327958640734528,4.035735171109156,1
1.0,0.0,0.14901811005366594,221.29436030965178,52.12712028861331,152.91900562631128,75.44160833890561,218.53753197562992,0.2225077816973324,13.609171882556227,0
0.0,0.0,0.3260246073578861,126.62481262144323,59.44125856398826,87.22423716006776,62.43712521661644,255.0,0.5710008308022589,6.717181839149227,1
0.0,0.0,0.26436654255516784,119.8679995860623,61.6591894883509,118.58042010263568,87.25581483166579,245.88081565179422,0.6350719394460648,2.729309272151877,1
0.0,0.0,0.12069515132507297,64.07087306564107,63.16914301818084,168.52438708878935,69.37749030223827,252.54841538621164,0.3828238726671833,3.544676416591564,1
1.0,0.0,0.11952438989203584,172.08491230269848,56.21857856230471,124.63480996785754,57.09441930292557,254.35957233890298,0.21776690977950686,9.936770097922839,0
1.0,0.0,0.11241044749524078,204.099777820678,42.15844902071203,34.874806758078634,55.109812562747265,255.0,0.2747515154867919,13.81627905584015,0
1.0,0.0,0.18684219485462167,155.2326838818488,54.58385819842042,143.75577931164202,60.47237343392994,239.67214878836813,0.21815021424030384,6.113792693258494,0
1.0,0.0,0.12244071418357333,248.40923302664305,38.72686554048697,79.42473931677833,67.99810976848968,221.84759245528673,0.2060922232066227,10.870897277057633,0
0.0,0.0,0.15889335057753845,92.58829916072355,68.32337710436316,194.64357273206912,57.576139399847385,255.0,0.5010429352969329,6.421857980284471,1
0.0,0.0,0.1762071852401198,63.83474431421785,77.30237280133227,98.07123135818426,120.0,250.62142847425426,0.521001864556336,6.290417632758881,1
0.0,0.0,0.2013742410324454,51.54955987327398,69.68567315699858,118.50394975971088,45.42906126002402,236.46228072309412,0.6162841093021633,6.99597941971215,1
1.0,0.0,0.01,177.1349172456605,51.04120889588518,125.88722822000162,56.190724404041475,222.33357813012964,0.2303973783502877,7.908992451983788,0
0.0,0.0,0.18062958274312796,58.7167699271736,67.71876743903076,147.29079136694793,95.4007301380418,251.9949607875085,0.4322583494750712,2.8070482284311895,1
1.0,0.0,0.15597901842070766,123.88204068910544,27.0610750213211,128.2980229653354,60.92825029330703,232.31116804532238,0.2529782786311699,8.690876072894554,0
1.0,0.0,0.15442034431459237,132.44628168959895,50.0024046943657,139.73289528451122,56.59340988328611,221.65169654907106,0.1599832296917348,10.499153352483782,0
0.0,1.0,0.349115708235155,93.47656163855103,61.10299788848731,119.59092784647598,44.86931939619202,244.36368103722927,0.5559905256796439,6.1075205608358845,1
0.0,0.0,0.18523171840626831,64.21256430447737,32.05808268350081,107.98798149124937,60.25240193004083,242.6186872799911,0.667066162931766,5.008137243420549,1
0.0,0.0,0.25156933261551917,78.87288065061556,65.03431904215256,164.5343828374608,64.05184954466255,249.07724278907028,0.6085021332287799,7.52033144197305,1
1.0,0.0,0.21041831152965712,186.01199157520827,44.519114926692275,152.3054443397304,50.22487316765377,255.0,0.30622781149145073,15.022525497252493,0
0.0,0.0,0.2478782992600752,87.73257620428252,33.832822702157046,159.89937028129233,98.05296206523386,253.84515827721137,0.5826994513270098,6.250826599956559,1
1.0,0.0,0.28008415570901973,164.2120005444624,39.3939236315269,128.89730815590914,43.378313126116964,230.71315577625103,0.2510812382199974,10.437913453913794,0
1.0,0.0,0.04235547035237584,271.1184930849254,42.11961126077924,138.1681869789394,73.65627749528355,235.27377108136614,0.1992218455564853,7.234408449776549,0
0.0,0.0,0.24795405502464044,51.11802304146163,64.6654957442292,191.83597474839033,91.40464796611968,238.57111377752526,0.5416216900110936,5.661034161106579,1
0.0,0.0,0.3391457355735098,119.54906974558008,91.98087527526968,134.5005376467714,104.96195266975569,253.1245179732702,0.4553509204011572,3.2783957685102143,1
1.0,0.0,0.19639200640406185,213.5747655412824,43.5297457656915,138.26716068763895,69.66893148622765,229.79739785478074,0.11183816505482574,12.737852448343542,0
1.0,0.0,0.13173392243439455,195.82810151048196,64.72542176789808,145.18991593293566,38.83414753400877,226.45786609555802,0.20220312837032997,9.906548025793832,0
0.0,0.0,0.29825499448658743,23.905509814035078,68.47763138202272,137.83788900152882,60.46516190235961,251.76885315445693,0.5914784462079241,5.130805058856104,1
1.0,0.0,0.19595382414938842,220.91991104443417,61.763930272082035,88.34731895469915,61.193603024132486,226.06295489235362,0.1587693995117489,16.93519671936256,0
0.0,0.0,0.26241525470871835,115.91740770935684,70.89960575007986,128.46623631902943,57.779006556688486,244.2345783413011,0.5583872501760934,5.845195998049853,1
0.0,0.0,0.2726630297236914,102.70366039960946,84.13086106998523,84.47385082405823,49.63726390049375,241.22281051344646,0.5266102199546406,7.5558159595775365,1
1.0,0.0,0.17789051531759312,224.88715445456972,34.85240506814148,131.50305094210933,62.827136415271546,249.11760508102512,0.10267373568205679,9.872562298296089,0
1.0,0.0,0.1486347730245034,173.2099268473851,39.74120324104796,104.23107198043847,80.44843462698375,236.3049707823023,0.28639819176908826,13.421611540031925,0
0.0,0.0,0.24884381832973768,91.48966954222786,77.7441798277432,157.25887127491083,67.98443588796891,249.51619948406557,0.5231860860758237,4.104864547320744,1
0.0,0.0,0.34889045774449745,131.07543974388818,54.429073465836744,127.3115691677164,44.82888063574287,245.31602382520308,0.617469497780862,3.7190540901565514,1
0.0,0.0,0.11532494462232398,88.7657818497912,42.009491601651035,111.15169177256492,58.65183731171321,248.4958702198385,0.4917938665906988,5.349811480622484,1
1.0,0.0,0.23388504070382204,200.7136533918217,55.07443973195198,163.05262197666707,39.03291782363554,230.52896166650163,0.18714737955934677,14.285192910560085,0
1.0,0.0,0.30965537839224305,233.41702443590404,52.3463754545933,110.71050858035817,21.69675605916153,239.97428769496403,0.1459998695808934,9.55494244119358,0
1.0,0.0,0.19819395583974547,106.6730024319692,52.793490039053324,128.29744516773147,69.00319448616416,252.43985658874294,0.20803249701765583,11.383572364351064,0
1.0,0.0,0.18594766553325334,186.41724448369735,44.01154798760694,130.45785359582942,61.366404093838696,247.56406122057575,0.19079565664920403,11.576813904168437,0
1.0,0.0,0.1791048851734308,349.2629501301705,20.067291796699223,152.22999014310733,50.07687836227062,238.8761016582233,0.12070771798070763,12.504997526893304,0
0.0,0.0,0.2359316476454343,105.2595108635638,64.09394406204638,214.6538899676673,112.84383521666135,253.4328387337659,0.596725221518279,5.487947929185765,1
0.0,1.0,0.28741545374123467,73.11354033918958,45.00833903780526,178.0496628953539,43.387921183816616,247.7007036884243,0.7918777779313464,7.861389834308689,1
0.0,1.0,0.20234709647652063,51.53250437525489,56.29027546169073,146.43993902136532,85.61788628431898,245.00952686115482,0.6852039365974326,4.076639112115156,1
0.0,0.0,0.25868477646212185,128.7787674608619,70.69651454061344,108.44321597226187,103.88824390110175,241.1475943111196,0.5422178563863528,2.475525494669789,1
1.0,0.0,0.12733859753363624,158.72947350105224,31.275344521158992,131.3821619281533,72.6267116217602,236.12931726583258,0.08790420327455435,11.235918893983012,0
0.0,1.0,0.2631808672989213,105.40312325649481,74.2832944703473,114.90647636507406,65.31483296138339,233.89491822007142,0.4869951568651659,4.49756742455493,1
0.0,0.0,0.1770731364102394,234.17846616002387,49.283166923752376,112.52784466040877,62.51355158701485,219.69367987935362,0.17485656231645222,13.07190314720191,0
0.0,1.0,0.2292963149866318,17.476611815042347,85.90181791286648,75.9023184176025,43.576952977642335,246.39893989496605,0.6830432344378817,5.29551435250587,1
0.0,0.0,0.22574561737325796,53.60556939493837,67.17595618939072,151.56925954993633,71.19107628141566,246.59752976117977,0.5501794872878107,1.679346683905378,1
1.0,0.0,0.20743186747143577,219.45795978339643,58.31339061988403,90.46397848554096,75.34584832878359,243.6755799647311,0.2333622573714621,10.454562394749578,0
0.0,0.0,0.29972575118848405,89.72171084664681,58.81668882463295,196.18479741922923,84.85767943703739,241.02904066725281,0.5911565719164282,3.0179957729955884,1
0.0,0.0,0.07187270715567286,242.92255583283327,47.24339656778083,163.5635309754768,64.09677651440467,243.27583481316262,0.25882666268938825,13.114597188073116,0
1.0,0.0,0.21960011431722998,182.12772885947865,50.22142545933936,104.72359912202596,53.30519227148483,235.41832946337476,0.18205208074102933,12.742900059520554,0
0.0,1.0,0.2581485036209589,108.54649311722127,64.1611932721668,151.7827641800563,96.79809918181661,246.73735853391676,0.4591497488487809,4.210376888990081,1
0.0,0.0,0.21405081808675563,234.8951636269514,52.640297815728594,98.01093302628723,74.28717235429208,255.0,0.22459967434182482,14.402330446520654,0
0.0,1.0,0.16778598872592335,47.08092417101468,77.42344535276933,153.58414816874318,64.09627510547357,252.18563389865525,0.6965210503481382,3.3877526251309127,1
1.0,0.0,0.27198762031696366,149.24529040860656,27.48171193248281,143.81455401431447,74.6043337414177,230.82360540743122,0.19420014638392333,19.482026425151602,0
1.0,0.0,0.24270462831670941,157.4296782869843,22.831811606459354,93.06509800723111,37.45694086976416,245.0903371913433,0.2335024835907762,14.822118718873474,0
0.0,0.0,0.21516109035441253,83.70643087866748,63.40494496203028,138.91297053711858,36.90111091978722,254.29916780733728,0.4264296977950591,3.299114486477842,1
0.0,0.0,0.24366488881087728,220.48813979797487,63.97767016745977,130.68758366118252,85.73861446699041,230.18199643502535,0.3360956073953246,14.554906941695354,0
0.0,0.0,0.26548719290940354,68.12957864731209,61.444820449810585,120.16384851871766,86.96198310094933,253.4347831604934,0.4508472958895368,6.227498374571214,1
0.0,0.0,0.38560408323446027,57.602649603792834,57.536437424221894,100.88176984270054,71.71516029935937,250.16762351194294,0.5295644273354352,6.8527784782088315,1
0.0,0.0,0.33992901759888106,117.91120032964005,72.5936148395889,183.24643696115265,108.06619274357061,251.60498781843012,0.45121340898602286,4.960558855877733,1
1.0,0.0,0.11070052697460252,176.7797868845306,29.385067775581405,96.62721781869898,84.28181459491302,231.086836914275,0.26248552100921596,9.489800917612431,0
1.0,0.0,0.1354094365542228,232.5760995669753,45.34027411072232,122.03515541750814,69.89297204383708,250.22615113222713,0.21177278975555572,10.85242081705275,0
1.0,0.0,0.14969645442300533,204.2659071282512,57.769653860881874,75.47830005226994,37.55761780253025,247.5833677982251,0.1687041991157699,14.012333476830815,0
1.0,0.0,0.1729986071469558,107.6906068880953,29.230035178090027,135.44650788229117,49.50878189815069,210.87212010930892,0.26413974844194904,12.989785552395114,0
1.0,0.0,0.06773006265215539,257.0074519260633,38.05399630836855,64.90920648688808,60.24037923442741,217.01222584755504,0.13302553167356707,11.94492481870765,0
0.0,0.0,0.3368785692940026,80.11087015543542,73.74106374760797,24.035099244268054,50.70387728222713,255.0,0.40686451529455736,3.9338648983045053,1
1.0,0.0,0.21921364092552592,159.4571244394831,41.100762934405545,111.0787176227068,52.446455716384236,255.0,0.2948943646329353,16.36464742568284,0
0.0,0.0,0.17945002790178258,42.74718273555127,60.19553293195037,240.0,50.65192413006096,247.3630546918019,0.4664875496027765,6.882670764360167,1
0.0,0.0,0.29809653991432916,84.21079609544141,54.527004880834255,139.75735985264217,81.40433155897658,255.0,0.6638150330967619,6.908516937123682,1
1.0,0.0,0.09062007904852434,182.0829923989389,34.498592603978544,48.24131387060929,86.77162558777643,255.0,0.25533552121436587,7.869393306616276,0
1.0,0.0,0.18891805380833188,228.53064986097655,56.806409124521444,91.23664631439675,70.54713813330005,255.0,0.28628468964073855,18.263622263392236,0
1.0,0.0,0.19928649978399315,129.7216490410679,47.127397758576606,118.96348128138109,83.52273644290989,225.95111990634535,0.3022240778599972,11.448585149331715,0
0.0,0.0,0.2061020073807231,124.30803278354824,79.68334337835168,158.9956411204446,45.12980443493713,255.0,0.6158143036002564,4.394664569138062,1
0.0,0.0,0.30161724687600455,48.30327071719242,76.53259513953346,145.81666050614288,47.489782208625144,248.2892567443638,0.6235269309974988,4.157291184285689,1
0.0,0.0,0.4159266135799979,82.75257453345118,61.06010719525749,150.65878779741413,39.95245809718006,239.83823117850807,0.5181841498382072,2.8222147736825516,1
0.0,1.0,0.30745485805663475,67.6552056631346,89.84312378085943,138.42395111477728,45.89890789818896,255.0,0.5781211682584065,5.991621792311377,1
1.0,0.0,0.0815098510210461,239.53127995813844,24.74192126888623,160.66718807131045,67.59236483191069,234.54640057627455,0.2843774027618397,7.379353674803962,0
1.0,0.0,0.12669817490658788,179.13165931974578,65.95843501809159,142.27376740777862,57.593709270369786,229.71487623614806,0.17355007928984367,15.165825669890722,0
0.0,0.0,0.17279438860408036,143.8727596877793,64.91553302204734,88.24678099075041,48.5371982004323,212.94374273861257,0.1886528766931038,9.355408453474414,0
1.0,0.0,0.11753612274669964,280.86062874843117,43.27198262603535,120.75632602620246,74.58085448609583,230.9263985410774,0.23494765358587108,10.2372236995851,0
1.0,0.0,0.09674431684623136,241.94702502348062,44.46095150994261,86.17511703140883,37.34938182022122,255.0,0.15358900163259911,11.53068244105029,0
0.0,0.0,0.25659518023476025,65.38391236415218,71.96554795319861,231.43262103019657,72.23835330677036,253.42225238818213,0.5693406367189717,2.6941295265504297,1
0.0,1.0,0.24335155418970442,60.50704319455198,60.09955680220454,145.20472868386904,61.310165387744064,250.04394221316036,0.6515220891814306,5.933903733496143,1
0.0,0.0,0.16959020027012733,207.16942336711256,23.71265905585188,110.2779547437309,46.42578250592901,216.825961167699,0.18844702315795508,9.773910617643345,0
0.0,0.0,0.2746440431603282,109.89711531738342,70.68729678089186,155.55418447124617,48.58243289245365,247.85509641313791,0.3527910973356182,6.622806790052735,1
0.0,0.0,0.27296993321614593,71.78020754512087,43.65537612107491,156.6908574646004,91.41107005775794,250.54541485174917,0.5229732395636112,5.9153966644094185,1
1.0,0.0,0.13867605540492367,156.58536340618167,26.59922255494247,117.61834726782891,59.04639691220818,235.79246919882573,0.24276007538741315,14.357346549743085,0
0.0,0.0,0.13059115907293856,200.35315793140882,50.02784426895194,58.09790542561637,54.79220257331606,242.0854303042969,0.2009023626234112,12.371951587018263,0
1.0,0.0,0.27464997587163953,248.94290253908977,20.121913434649205,107.09072040136073,66.85032016095599,255.0,0.16791364281739354,17.52672431503941,0
0.0,0.0,0.2858173540648222,102.51737502565297,60.16957768261912,167.48859919705137,67.24070062185096,251.43781952583663,0.5428879709169665,3.3515832644547183,1
0.0,0.0,0.15613351579973977,169.76276677308937,37.201470537783614,109.64505883650611,40.93572418361576,227.85412746349073,0.1551170307362473,8.446625136703632,0
0.0,1.0,0.36619740275765966,84.3076380951548,59.18957053170783,110.02453655324885,74.19332179571913,254.32644878067626,0.49790314487689047,3.6336986039711805,1
0.0,1.0,0.3093701992857514,55.87052721020023,64.83361994077097,158.40940456911764,85.33288891871935,249.02263678207012,0.6213266250796543,2.5571120689993188,1
0.0,0.0,0.18420640540942396,101.43829371909854,78.98652306432001,163.98205852126583,77.19143160155716,253.98987627290953,0.6453176254329355,4.047710556345979,1
1.0,0.0,0.12555752891068628,302.8271782414771,26.68317752793974,118.40679594909268,57.31123461964632,240.29399424866443,0.12574069186500342,14.525948283208159,0
1.0,0.0,0.07986973641001531,184.3470984738423,54.003985883950634,94.29444404616602,44.61197841045785,239.05089060154626,0.1364818976837457,9.305698135520995,0
0.0,0.0,0.23171200677279852,74.17192604064442,61.359518782620775,193.56773811533833,91.44700941791507,255.0,0.4485835781873032,6.919467255889582,1
1.0,0.0,0.16628981582910832,275.9641961820885,50.50797572273663,138.79840911789213,61.24481128218765,234.83284186871322,0.1807755439479241,13.403681574565333,0
1.0,0.0,0.119329866822953,225.0332860690605,31.341758445845613,70.16749753298483,52.31198834030175,250.3636643608829,0.19817099800615773,9.574321685229403,0
0.0,0.0,0.2515079698355878,69.00478938895844,72.21362139123343,98.22818373602695,102.24264807370159,247.8211775151469,0.4350292527102595,2.6324231647440075,1
1.0,0.0,0.1171552860514302,203.4672168518125,40.95602576816039,148.28365542420227,64.67236288196685,218.4929126410738,0.26827632312631333,11.905782198144406,0
0.0,1.0,0.282785492554281,87.47925786925187,62.894374116419954,155.20772337873316,68.13588146313924,248.7531518741376,0.47382396293173545,7.116466672114667,1
0.0,0.0,0.34511306971797145,82.16110583851234,35.36768343174294,130.98192129343278,55.0338644941789,254.7294407827732,0.7138960527599834,4.26802544015875,1
0.0,1.0,0.08025160807931242,97.91684654760155,70.60022839567097,115.20482712441034,75.14725362847135,254.32124192349318,0.4827094667990599,5.694645549963166,1
1.0,0.0,0.1115013384470679,133.48431871305053,37.668438028900034,185.88669426458398,36.61819507464237,249.63451852516764,0.20075138751435487,11.000433164283685,0
0.0,0.0,0.34013641094620667,53.39957233149628,89.80425902738428,133.72842871851805,61.0456219220351,245.97004134470293,0.6310260044375334,3.228789164152403,1
0.0,0.0,0.05990097812099901,230.85029747883488,41.5909212265392,121.42480404754929,65.6318378644088,224.43012967516154,0.2063229609530345,10.608205255357092,0
0.0,1.0,0.2897359378589217,66.33381421928388,87.92047039081748,58.306115209215164,59.07871724558732,254.26582653206597,0.6845935007838315,4.765143154875396,1
0.0,0.0,0.20936930257823755,200.78091669748017,52.82873734948573,71.49859875155957,81.71694627686799,255.0,0.1501385856280612,12.61726515854153,0
1.0,0.0,0.11993161780243931,301.21548116434263,67.81651836538842,158.52287381844351,68.34033145263436,229.89314841510785,0.19590528102137536,11.822907880209774,0
0.0,0.0,0.2911126279727132,98.66209970918146,78.99692108511604,139.420996981912,72.90064584872752,244.3507507139072,0.5944895895009885,4.344281273395549,1
0.0,0.0,0.23280631757690118,93.75160110654453,67.36642158940654,182.60405650631094,79.16645017251184,253.33313941728446,0.740255820522956,4.622766501794308,1
1.0,0.0,0.16002845986154712,218.60527363034313,66.24771403016962,126.28410250943318,88.50402636466447,235.68140884698118,0.2594613230627893,12.434868021032027,0
0.0,0.0,0.24806435148872671,70.93863501530407,59.09705216045407,114.82531482828047,68.16356359507729,251.34025213794877,0.469447331748948,4.653812159726284,1
1.0,0.0,0.18481937237283577,347.45472126543626,48.22974503617668,140.7141805836454,44.23169955326246,255.0,0.21027278435181515,14.62050991918819,0
0.0,1.0,0.23925766702509565,80.55204892350315,69.45866410070187,191.26524072398286,96.94440383212877,248.97116503161413,0.642567675771387,5.3601712400330985,1
0.0,1.0,0.20260285926776844,93.73059758160656,51.64523227970192,151.63779637422036,44.990469016739965,249.05492851158763,0.5442938708568844,3.919605830100079,1
0.0,0.0,0.3396824533859577,18.50176164267566,58.773495665549454,172.48781751409817,66.6712313350395,247.22445386035824,0.6289075201399911,2.2733413977098604,1
0.0,0.0,0.1403170270360141,227.36323986889835,36.23226218788155,151.73442542462388,70.92777965271804,253.23429738898824,0.3202418771126987,13.461557381216853,0
0.0,1.0,0.18445937122228018,54.29683718519622,68.09542656988177,95.74644484012404,105.00549218001976,241.36994690666617,0.5966444596840261,3.464585650144193,1
0.0,1.0,0.07618643631887712,94.99592371221114,69.2151387542271,149.33726415393977,92.13474842940917,255.0,0.5252664036103583,2.7482020390624347,1
1.0,0.0,0.13548627279056744,270.0799296473215,35.54493120057269,123.78803208702205,71.38236624245414,222.98969721097563,0.14705999258760902,12.943158148355566,0
1.0,0.0,0.18830401391923451,251.06916477146993,33.88419750486449,132.3165025598285,52.620646426957755,245.86813990856092,0.23699720256896584,10.91230689605921,0
0.0,0.0,0.1959857380020495,22.76577326367827,52.04759592552599,120.16841112920538,52.71837283533825,253.92592541155187,0.546697473628044,5.648103234020024,1
1.0,0.0,0.14264989991857557,169.97882171306475,57.49618905296667,132.59116825071797,66.2375525442909,245.90809827247114,0.19745996056902335,17.464326541806436,0
1.0,0.0,0.08052137666182019,224.91108742483925,40.40909689781008,111.94062740070773,58.620648260936015,221.23201295049483,0.22740334623535854,13.976898280581324,0
0.0,1.0,0.3066643077760851,73.63373090296545,76.26649181760965,154.83701041644628,85.37586034903443,255.0,0.6408022662536191,1.7800597919742622,1
0.0,0.0,0.11407963672154012,244.11665311617045,61.67224111551137,143.935313396873,57.370582051439804,232.85172865171137,0.1354528890253388,10.032409302666753,0
1.0,0.0,0.14647506109704544,222.8886433075943,29.51039474946525,156.60848689253152,76.26297366065315,234.18186327206297,0.177226647187513,16.519077014176716,0
1.0,0.0,0.21180465876052187,195.9238663449177,51.464895377257704,147.88229954372446,70.86204838971746,247.40966073308468,0.15828643284660174,13.981777544334161,0
1.0,0.0,0.11221274202535775,212.5100103125847,34.742473163597225,141.10283750361927,68.30354296601689,255.0,0.216949675690471,12.3471400810772,0
1.0,0.0,0.15882207776386126,134.03764027006162,38.04305122802936,150.64546178345591,50.334895994670234,255.0,0.1480389918004617,16.660121326029397,0
0.0,0.0,0.3829176132582415,68.92378398657661,81.91670375950848,105.17213749509365,57.32561718617875,253.70536890341143,0.49557038536857084,4.848291756963492,1
0.0,0.0,0.3038058960962185,84.34663499290673,57.131494793494234,184.24271610621128,94.47452461704735,247.9328811468178,0.707587580950197,4.807196815922876,1
0.0,1.0,0.15448599948807556,66.49961426012558,73.78856301746974,144.37452732532165,108.42695150874953,245.70193243060774,0.6272847838543724,5.347164396471226,1
0.0,0.0,0.19263868375611098,176.02535163003785,38.67244970114961,132.7596392499033,65.50221064928164,246.60089893534717,0.21974789851616539,10.288898994784544,0
0.0,0.0,0.4615474677613628,106.28140377589384,65.90128991922745,118.90823844593334,108.4688377124597,254.39481986535327,0.5310306506547593,5.440315595293533,1
1.0,0.0,0.10396632034603168,146.44731601754756,56.72756845267445,111.24724103224389,66.26197634731942,244.6243809545823,0.2679648799682403,11.784155354383183,0
0.0,0.0,0.1316486080458339,189.85096813021715,35.81873016583425,147.56744563974988,18.912896907937906,236.09945624729332,0.24089907722269308,6.646422799200738,0
0.0,1.0,0.23971699908488553,88.86873466241285,55.78515283855558,106.77680748086826,82.16689022152006,246.81888143674036,0.5437106133100142,3.4399963438902894,1
1.0,0.0,0.18463290951454475,33.58088033184904,55.551731714542846,152.07211873795183,43.28748586460814,255.0,0.6998011770304429,5.970006354200841,1
0.0,0.0,0.3356120190653142,82.32441555556588,65.42686371774738,133.28622391995424,78.42938635180782,248.5106659752157,0.7709855665748464,4.652445080300137,1
0.0,1.0,0.178704621966777,104.424552863548,38.103403211981345,126.32866536161018,88.6832641721791,250.8926458486024,0.5651407396072019,4.598606490070931,1
1.0,0.0,0.21105168477626765,208.7605709454256,50.02744807490814,105.36883881153766,48.81086810286598,234.7776390477403,0.2492699855725025,11.415982597542836,0
0.0,0.0,0.13963054681688555,118.17060500320304,89.60921845232431,166.04779217562003,107.46513381056107,255.0,0.4995871326348337,6.553641874144277,1
1.0,0.0,0.1942022698180525,212.76918778371586,56.94592220513731,126.57907011601309,71.20471260157065,255.0,0.24363937072348052,12.521229926438952,0
0.0,0.0,0.17480775191129083,38.08645444661026,67.9802001432111,126.68108390636554,96.88359095042951,253.6604047571651,0.5444147817347189,4.723213142519386,1
1.0,0.0,0.0834383523221111,223.1030446625948,60.03419828428999,126.09707863758094,66.23739944183015,230.75784812926585,0.147175146468737,14.360963057088474,0
0.0,0.0,0.3348167925999104,81.76952664768793,52.859287683758694,160.0506984409794,46.46346846437315,255.0,0.5173386219338788,4.4559724468264585,1
1.0,0.0,0.1512109728336379,290.4653174866555,40.03067974882022,144.41942580593224,71.79609317993724,223.5144116320221,0.0965812142284484,16.042612311304207,0
0.0,0.0,0.14439819910234353,71.45373519890987,72.07313570627309,162.39204392107814,48.943104729505094,254.11033039016263,0.6102473436282364,2.4340567660918504,1
1.0,0.0,0.2044374309852093,224.13439436046065,33.261200355910276,154.32879205679816,50.82549394958161,244.2457974338798,0.1604614540457323,9.361689603518851,0
1.0,0.0,0.17896457498005441,132.36648570782327,28.1265565288929,95.26163248695717,61.7115223833978,255.0,0.23318231735164208,12.642493613964577,0
0.0,0.0,0.37924662588385855,16.378995420948016,67.63304344367897,183.08700348240075,102.84911882966135,249.77863340077676,0.5261247397936566,3.943113943994409,1
1.0,0.0,0.12852972294373735,190.45481041363507,49.25444864184172,87.2937477960171,52.34758779524674,223.54284525556778,0.20325123155943903,15.092081165318167,0
0.0,0.0,0.3588526876670921,67.65720178651992,37.22235902638012,128.49264316679302,120.0,247.21610613578318,0.3688010662437946,2.9465939159319086,1
0.0,0.0,0.09945207636018888,34.500723517376265,54.353165116496974,137.64932290017828,51.06884142766627,247.17469763224403,0.5052122355068042,5.579399246437337,1
0.0,0.0,0.16272268558278413,96.0445200903773,67.09830849258691,140.14273544353406,61.93074208550385,247.3672243343165,0.4344548206182341,4.566828248356727,1
0.0,0.0,0.23212272141025184,116.92623539464205,77.87021292953219,93.38628031627633,72.10242876104226,255.0,0.7042736367279776,3.823171759584185,1
0.0,0.0,0.2289687336633386,69.25911860759041,68.11405027100939,132.5628291344962,79.20734227081773,249.776967339085,0.5486026771523927,4.5211625343796875,1
0.0,0.0,0.18984245346089446,54.547140974275564,60.115834217772445,90.75978412184227,72.87611819920494,255.0,0.6693586535476262,1.7765265361817737,1
1.0,0.0,0.17579696088520497,232.55681209118285,55.74318012715561,83.12449206598751,70.37427862682082,237.09858557128192,0.1387500055669975,13.318702082569326,0
0.0,1.0,0.2560346911121274,106.86066292287799,52.80478441609805,158.5180612735074,55.3734812696507,251.48613610792543,0.44740351825192226,2.71867024983744,1
0.0,0.0,0.07035031332341653,209.48530838051977,29.649597524676402,48.39210389412982,32.301404282933746,199.31081154284342,0.2373722485713528,12.269248622766547,0
0.0,0.0,0.25009643802897796,94.58108868252911,24.434125525958372,171.69689278677075,68.57681922588596,255.0,0.560172320847177,4.196091340622889,1
1.0,0.0,0.20983157433228256,253.6489023883006,44.08600442490886,129.69556447374617,82.73167212528372,240.56362289003798,0.2474071475236025,11.810822318357342,0
0.0,0.0,0.27241289270556857,65.00809471545108,73.04436364275784,118.40376387136124,108.44531808195055,245.92565925545327,0.5975258604717312,5.143451922822775,1
1.0,0.0,0.11359985293854327,175.40487762468973,42.72523740046592,159.30575724242692,66.88491002511437,255.0,0.2127365568690105,12.863535454109634,0
0.0,0.0,0.23088543206642445,59.096845447112756,80.44186222397536,157.83071530635806,120.0,251.20438378600204,0.6249745475438349,6.181404768609369,1
0.0,0.0,0.25920208633179337,63.277308406750365,58.813792726752794,121.004261646607,24.868568589265664,247.73054291923435,0.47065402701165293,3.864148391501106,1
1.0,0.0,0.12560442959271487,152.14245425524786,56.90548594343596,125.28569467508078,50.70341807619184,218.42383249808162,0.2197686840592833,12.765868834830057,0
0.0,0.0,0.2150891287578745,103.04621649895212,53.000892399470985,115.06925789277614,47.01843143631049,243.77756775055568,0.4305813348588156,3.0962531553141517,1
0.0,0.0,0.3189914777906207,88.66170988475069,48.14758950140603,129.8478152460041,82.85827021096432,246.64139605370963,0.7389278795503996,5.73963348628765,1
0.0,0.0,0.20658609602127825,135.45826499889233,63.62232853497567,142.39887986147306,57.1296981496144,243.57000146741754,0.5502231622162402,5.150343690287819,1
0.0,0.0,0.29069800185839473,55.00831828997724,35.47243679842919,157.8315618361838,67.77981553494861,253.4758262416507,0.7223074717646251,4.455466814571032,1
1.0,0.0,0.2582501172450542,154.12485894928682,36.679386951501435,45.05816947521181,73.14260897539613,244.97206344496342,0.22000000028067834,12.651917043707659,0
1.0,0.0,0.09483958171391584,196.89044915003444,58.84532047593906,94.67027888450787,59.69851872345522,255.0,0.14145375530962734,9.735506966572132,0
1.0,0.0,0.11685495412245259,217.780667439283,53.301918118626105,34.361200112868275,52.41050701518217,241.93781209997564,0.2744799704723825,8.101410552184436,0
0.0,0.0,0.13259797873980478,71.97076727303619,65.06344788491228,111.93362537889743,94.11605490224962,255.0,0.5846312710224887,5.694510029623249,1
0.0,0.0,0.1837202380175803,58.634784074718695,63.57763653078692,127.60155195637108,67.56441976953023,236.74085968477524,0.7164641821966276,3.7800477807769104,1
0.0,0.0,0.18070601214283993,54.88212706850899,58.05590731962113,116.46865627725471,55.11289868738253,252.38120176693832,0.5569704269429281,4.682191596299319,1
1.0,0.0,0.16549103551135136,167.62290971824206,52.574951493374854,145.343231273451,60.201755469289395,239.51584658846073,0.08626894843969002,14.417391613362042,0
0.0,0.0,0.2638673331496327,77.02717099276192,70.71964418397177,171.1858369223473,74.6686318035496,250.17135907100112,0.40535017964593134,4.873340953699884,1
0.0,0.0,0.3008334424167381,66.46523424773004,57.23461140696178,140.43637497197906,72.05319546756988,255.0,0.762099356584511,4.208262772702836,1
1.0,0.0,0.10981627160151344,139.44140353596094,32.195444289975335,73.10897080286239,64.61748558770827,236.67327894425796,0.16859253001221788,14.640253129174972,0
0.0,0.0,0.10134655295592221,255.63441874949626,31.44552496887711,155.86441952476437,46.08670003782408,250.24818606001602,0.17223597515473354,10.910246327273917,0
1.0,0.0,0.13473876478226662,169.13734067265383,35.176964196226855,153.83726979760706,56.691926562651936,232.06579855912952,0.26217141390514626,14.101516781958459,0
0.0,0.0,0.18254027237470466,104.61032037837369,65.26419877900486,143.7341866359327,68.62307289010538,252.0680812878584,0.5469736942403015,3.8172423240693543,1
0.0,1.0,0.26174344095884394,60.933264757867896,71.30287314342488,68.00789752943865,103.83884803905201,242.83134987594886,0.5321976709936163,4.996175709807354,1
0.0,0.0,0.23335065141819683,75.22864368799846,60.34538441922645,112.12123007769034,63.17443981260588,248.70995731901195,0.5138276163906614,5.388170850427377,1
1.0,0.0,0.03185337822290807,242.42154411026422,57.59233239786799,119.75660395164749,76.8739881795486,212.3960042280665,0.272347207319349,11.759998345665354,0
1.0,0.0,0.1782754822815772,234.102603285631,15.70551309997732,158.02954533563923,74.6406107903392,217.40212112941327,0.14720050940365784,9.24678377540043,0
0.0,1.0,0.2534881957097963,73.8242170735898,80.02737280522906,135.53140298891515,112.76873879228513,249.83976252918143,0.6391343901605248,3.937336507584653,1
1.0,0.0,0.12868212018972283,222.86402023076207,56.94762861876938,119.50168973022274,65.85549291593064,218.41919848414696,0.13435157350263638,13.734265281340463,0
0.0,0.0,0.19578040235801186,40.63342419705781,69.98911265486296,179.53995570249992,60.09664459365299,255.0,0.4091080897309476,2.3998931483973918,1
1.0,0.0,0.13175236352285574,188.5304627965986,49.25843658629829,157.6621082837969,73.88962651071925,255.0,0.1432914427361105,10.50430166450538,0
0.0,0.0,0.4066677963376475,109.56349056845656,67.58381579616557,129.98593796225325,83.06549126074344,244.6266948028357,0.4015395208080348,4.690237027702443,1
0.0,0.0,0.21891852375288914,83.1726137381444,67.87366094291134,86.9157811285469,62.2282834970994,250.12215920089017,0.5820930061925658,3.1298121305516657,1
0.0,0.0,0.25407101614848143,16.18317738945514,89.57539598406412,153.77448649619703,74.08142342519679,251.97799417381472,0.4765838133878986,4.234247827327857,1
1.0,0.0,0.07184045956516713,143.11571647875917,46.11372601840053,59.40218003531591,86.49767700491451,254.43754328700152,0.015581735428577798,13.454308412426265,0
1.0,0.0,0.1694289302265482,286.94498318987894,59.18531345148037,135.25825119700326,83.60601324832659,236.3785415291251,0.05228755293789844,11.77906678118401,0
1.0,0.0,0.19671599556196367,156.86121179784396,60.905820726178504,72.53469709961618,26.981347898236223,255.0,0.13561973581734693,12.790169674324877,0
0.0,0.0,0.1698250035374822,43.71569193743584,42.04307885384935,85.85161518084439,57.540220662212946,245.25625652366,0.4231017422745502,4.014727579823314,1
1.0,0.0,0.21951037745086566,211.5035379595701,65.86047049537115,134.84116961325097,47.92357228454237,221.40617981212458,0.21119634369733034,12.605176675719918,0
1.0,0.0,0.14601793043771424,157.61830356904576,35.10042207447986,113.23030857863245,17.504545647858897,227.19756779907988,0.17787053536129221,14.858403825514571,0
0.0,0.0,0.27553396083353443,66.31637517577435,67.71594114156623,61.83939854013951,40.055566660694886,244.50541872635904,0.5442163387622406,5.518940729973524,1
0.0,0.0,0.21135511586532485,76.4970225261426,50.0920598774772,161.47709240106343,97.06435144107317,252.2083128209303,0.607707218383514,4.71638028342306,1
0.0,0.0,0.13449161470931664,20.987908892385434,90.1801201005885,137.95633752364816,99.42589891370297,246.10312337369942,0.4971083620895345,4.2875060521916355,1
0.0,0.0,0.2405545178407137,53.14790473170186,54.07884353217018,125.08736863691686,56.55174030312094,246.8487535249778,0.5642044478830546,2.400986751226844,1
1.0,0.0,0.17962634746005915,217.00256472844453,41.433268658201285,84.17431796723132,83.99206410170684,234.6288083073102,0.19101901392971835,14.66042675585261,0
1.0,0.0,0.21191415357168178,160.81171672068018,41.12300083591439,134.42233739303953,64.79947786717744,206.20809907902992,0.2618590400144505,10.033569771105375,0
0.0,0.0,0.07914606288170437,107.96574692781154,63.60583690079618,128.15055140985845,72.53727129295464,250.47263783794233,0.5458751871020797,2.7555915197206304,1
0.0,0.0,0.14529436807047102,114.61702202767242,76.7538449719791,79.02118332319911,69.49757143489907,250.16319418345435,0.4549309306584745,5.8215883380861495,1
0.0,0.0,0.2822984072269288,100.37428326314586,48.20680807425247,126.90446699746052,55.97631259224087,248.42366833041874,0.6032783209322625,2.81381721170884,1
0.0,0.0,0.17005582141640713,105.44522638000004,75.97070378862489,112.54166129543663,88.87846466382516,243.73246993814118,0.447030376036694,3.026970754183643,1
0.0,0.0,0.1779503412281705,41.205753687240566,60.58636241545314,98.95097038280724,120.0,240.32517941379766,0.5461676164302628,5.6384725431901686,1
0.0,0.0,0.22711966224959113,86.44139549511578,71.93725436100281,143.3494233820809,78.33311634719688,244.34466382248706,0.5641979913874006,4.0498068197577,1
1.0,0.0,0.08951526285794462,234.77688787828887,34.0783636728191,170.98307949026128,67.13382653892873,255.0,0.13121829556068193,12.141276621163891,0
1.0,0.0,0.07575510157750481,254.8576355876848,61.284685547723214,120.81940139554317,85.12289509371098,241.1351031092008,0.14910442547614206,12.830942083799025,0
1.0,0.0,0.22061102777077146,189.0977052303813,43.17431025620459,123.85852351214899,51.60680572065797,255.0,0.20446976394658067,10.073938002155304,0
0.0,0.0,0.23695464288449888,90.02529251734693,89.65067233706802,163.2812666290725,84.35900844263703,249.97446683986388,0.7152913051230423,3.4725192312843784,1
0.0,0.0,0.17539956634562717,187.42305569777523,42.88333018068823,125.57065741256217,80.45064770307509,250.48223505420714,0.2523638204279731,9.440610130730374,0
0.0,0.0,0.35995504745366536,132.42089593746675,55.829221289170576,86.37454444261533,92.16278141868031,241.22857573588752,0.759940752050251,6.07616143570817,1
1.0,0.0,0.11770179104377324,168.23188055871853,65.49812095785926,169.0519918358256,56.79187248668042,253.6893048381066,0.2242679953776595,18.46493793920974,0
0.0,0.0,0.29089620796199844,77.78157303174822,54.616245061011554,116.2835165204487,71.08429458062837,240.2921609968989,0.5554051662846001,3.515854145991538,1
0.0,0.0,0.39705469414360983,65.44082493896396,30.257842055466853,135.6770424784114,73.94989862922695,255.0,0.5666493127115125,4.150187252690409,1
1.0,0.0,0.15219057359895546,270.9801502256819,36.53149033874635,176.0645352163156,53.5672811159089,218.60972824319322,0.19713012681066033,10.918406209166179,0
0.0,0.0,0.2342129263754139,90.57514905070639,69.66664986714792,102.11878653049061,92.02248196760476,247.10770135561833,0.6530249693969568,3.9550319874171826,1
0.0,0.0,0.33608057108788786,69.21110982642612,50.09961950627074,63.237488995052985,85.2024872250015,248.58937111533044,0.5644310019435079,6.384296159120524,1
0.0,1.0,0.21277516345759573,53.322775153150275,78.31255951121089,188.70687356280803,77.05834781046474,251.23740273820053,0.5325352054318373,4.533525832449548,1
0.0,0.0,0.17102563782790528,22.169822619631702,47.239541626661605,125.21723878462133,69.69524919059596,247.28196551953474,0.5734259264456766,4.901213083347092,1
0.0,0.0,0.3628745903797016,78.13987971901905,72.31340445630077,162.92980923642827,75.6875061805292,249.9385077534597,0.5279068275060388,5.003770897080104,1
1.0,0.0,0.19088831496001435,289.7605677956161,49.49473912832307,67.62877701421044,78.50586417504289,255.0,0.16219979902716977,18.74582208984272,0
0.0,0.0,0.31807183697343777,89.52359783750525,76.24850359135566,124.31839040817368,75.98656331589687,255.0,0.5605278623909679,4.346845411662842,1
0.0,0.0,0.3331289429936215,54.08351118230702,83.52127871067192,130.97116071268664,76.44306473643523,253.3756852820346,0.5541895921154277,6.3246710809156195,1
0.0,0.0,0.11659547731784756,252.5973808861459,48.385528762859146,107.29204254815468,56.86997443169301,236.67600458422442,0.1669487472686253,15.634600592804713,0
0.0,0.0,0.33877598735649783,110.71128638320944,52.4461894430558,155.2292483273845,62.92282137526091,243.00159247633655,0.6494558235741622,5.45728049827286,1
0.0,0.0,0.12976237372838773,124.18012027252945,70.82468008135174,154.01867897551332,83.83493472755114,252.40304296673673,0.6349584531046618,4.426851522235327,1
0.0,1.0,0.30107135404867064,97.17170933527026,85.34875078741973,136.6127727571603,57.78486396596361,249.2531925217518,0.6318765970848816,5.172117511519337,1
0.0,1.0,0.27957137537584753,89.88526206719027,50.86162991312186,121.935611392054,96.2028763734254,247.6690569402689,0.4326126673693972,4.740403286126365,1
0.0,0.0,0.16168929558953737,190.54398046114832,47.2899639245934,134.78959375543377,72.2905990220911,214.58616156007383,0.10413255569948505,20.443457297706615,0
1.0,0.0,0.07026484663666022,185.24550428810468,60.94442391749197,100.87237373772109,97.51350746901423,252.30447561763447,0.14621316757791944,13.774831870368093,0
0.0,0.0,0.29734513069931023,124.84814682359708,84.07838632907985,150.87549332282265,75.69615080999664,250.49656907475674,0.7332561240356013,4.910866630270768,1
0.0,0.0,0.2678591131303328,46.81119462765098,67.7962425461607,152.60816290183112,116.0763738017319,250.48577893543123,0.5119544095833649,4.050183788255081,1
1.0,0.0,0.13615933500555397,183.29613845100297,56.01322957735762,105.51517227579245,33.390455758318055,233.00138893195836,0.1221524456646761,10.667489795434165,0
0.0,1.0,0.3438499710069313,62.90501215283724,90.03604288739497,99.04087569658961,71.96065235367922,252.1121748645072,0.5888818910263713,3.035069526204666,1
0.0,0.0,0.4051143199246628,122.9410034549355,60.27369903208837,128.0631513267098,85.4792102415347,244.6023357391698,0.6955600479257299,5.858576400746048,1
1.0,0.0,0.1552100551975938,184.0076238372578,31.82868080053415,105.47478146253789,53.78059649142205,234.2776587776386,0.19157901439855596,12.656257227129585,0
0.0,0.0,0.10354936825148345,75.47486865299913,58.276630755497756,120.75901644234689,47.880593102800724,251.82879993046458,0.4775138916199948,3.9367365290407506,1
1.0,0.0,0.19596144672876017,204.19133139646806,25.217747506251897,93.38011623432686,45.900482562749005,245.48091362887712,0.1598444583023343,11.290733179088171,0
0.0,0.0,0.29104683360778344,51.198611141616084,33.768519452165194,192.25292321475354,63.61703602654932,247.22491649227945,0.46592281101013755,6.999994888841285,1
0.0,1.0,0.20595705204067333,74.42462743421758,84.66751246703936,168.4703250731971,73.09776704598468,248.45519992701045,0.4041241607469307,6.563395446456313,1
0.0,0.0,0.24422931529673045,221.00472452259206,43.020622710153184,78.36394348632595,76.77948501231317,234.91033219292763,0.25079686117817784,11.190227866960196,0
0.0,0.0,0.22716217641360945,230.34252966078355,65.67906338163553,142.91581054900269,60.19565061565428,239.37994192786243,0.17983101270156587,12.52969794707221,0
0.0,0.0,0.25312624596215727,148.37380482362303,43.762673199002435,59.479836056327656,54.90361488528714,234.04327002648222,0.27177854965818116,13.27323830910502,0
1.0,0.0,0.1398163124911517,106.00378074304774,29.32140574634544,145.18047342694805,66.0993305133401,255.0,0.2958629574213062,10.14417996780857,0
1.0,0.0,0.105625391109895,133.06971001383755,56.53590343316925,78.16514793422215,52.765296435955456,236.33957471743298,0.2959303166938104,17.535824856391493,0
1.0,0.0,0.17117995327967306,247.06552903837417,48.700611152689554,83.39037930168072,44.88132456857691,220.31755198206724,0.18191859453137274,9.160910238105426,0
0.0,0.0,0.10591538126778088,100.56523216370613,42.51476059312398,90.48283496105469,70.3015145695805,255.0,0.5162122224526193,4.270717512278662,1
0.0,0.0,0.22636157455766717,88.61986713209028,70.69459472578949,156.1326682097263,96.83610678149292,242.6274865647588,0.5014321255424954,5.435013451012242,1
0.0,0.0,0.28455380357391524,152.35030026735262,53.38077544972127,218.72383723458972,67.12026637513759,249.71024729118642,0.6080567687035615,3.8325804136571207,1
1.0,0.0,0.061961862042209104,274.36230776679633,65.52972024501663,128.6618400902951,80.99229640458515,224.93564154758621,0.1474972605088407,13.830378065136838,0
0.0,0.0,0.2667727532219701,64.70579920427352,88.97807168144512,180.0826503698332,35.688882170469896,244.21529301385263,0.38748787411174757,4.942837137517865,1
1.0,0.0,0.22710549762839377,137.1746552860372,50.114995753618615,145.70107440727668,66.46293628522557,224.60878733706562,0.14703941458135492,9.531192593932513,0
0.0,1.0,0.22883881269515113,34.41961773569473,57.78749315732031,61.33376729983449,118.57124347983324,249.824517666077,0.47670739618914654,1.949059125522933,1
0.0,0.0,0.2203991176094298,197.7871311930898,80.0244773781284,134.6554316972366,95.1346014245413,247.30604847711643,0.4950841058236224,7.568481821515731,1
0.0,0.0,0.19735068087397947,71.34353912372886,71.90407437473456,146.95810811834193,67.73736706365844,255.0,0.5076309283089324,4.393641956208946,1
0.0,0.0,0.19567923131166248,68.21261304915612,51.40542935074774,89.83195872931603,61.13364559005057,238.37791514412874,0.2656891088285904,11.118865670905645,0
0.0,1.0,0.22928760210367383,98.37406382040807,62.72428349634156,118.09815561888188,71.63481731024918,246.52425320961564,0.5303906789323063,4.720615241168961,1
1.0,0.0,0.1520295845601941,223.62031389401886,38.23004861541469,101.21054171450979,72.40854161486135,255.0,0.20784115080490967,10.883392382963484,0
0.0,0.0,0.23471777899198648,129.66221339264885,49.402902034596735,163.58929540008435,68.11803943475334,253.43619225197645,0.5510545711741026,6.5660025442925125,1
1.0,1.0,0.3298648718518368,82.86032598323925,82.87561245660598,165.15027839714818,82.19477950253577,246.7352492208396,0.47987104292084504,5.135261811033056,1
0.0,0.0,0.11263941604260883,204.28435807016794,37.43236022984074,171.57121838525464,59.60608810095222,255.0,0.14357046634514828,13.773998698458916,0
0.0,1.0,0.3098328204894027,102.35015938631844,68.36352116802938,145.68350942859735,78.2259908532539,246.84576798526405,0.667110197166956,5.089152544576686,1
0.0,1.0,0.2891349704118131,112.729412755579,86.78925118229269,84.41781574557211,70.65682385726286,249.26573239372348,0.43867051658853695,3.6183930460201523,1
1.0,0.0,0.16394970811119008,196.69336926870886,39.755518637373484,105.54702086719574,52.394870110949164,222.05001611573405,0.2777599267073671,6.881407035573124,0
0.0,0.0,0.14232162558026012,75.96509646794802,80.86052458067337,153.44142732830278,54.05684862619471,252.3321564370616,0.5339869860402063,4.320661865060406,1
0.0,0.0,0.10847392760887054,73.8016616091186,54.66671686136892,148.41088664156152,91.34612407476652,246.08704318725933,0.775403810892112,4.48877880488888,1
0.0,0.0,0.25051378158487503,16.08300560578398,73.73856978213207,92.32504367172322,89.3098619353897,255.0,0.6559950169762376,5.296300743100723,1
1.0,0.0,0.07220521768981862,246.08250559622297,26.420985486017127,118.2744674098361,66.3583422366598,255.0,0.1264436797313241,13.691268691099937,0
1.0,0.0,0.153223720740506,199.72019905854768,56.038773433162575,97.12442282560205,62.9759027576623,232.62657091471604,0.22373167427833962,12.164471621622406,0
0.0,0.0,0.23900411882978465,85.8507495208438,66.5515719396216,82.59598241874744,86.40842346721591,251.7305866439886,0.4543941448316606,3.754024280463496,1
0.0,0.0,0.17184690848731748,224.60094239963996,34.73630792334108,178.45027934369438,34.471466549724965,237.84510705154324,0.24257955229465988,18.458934150416418,0
1.0,0.0,0.1517041734129613,155.0607975838436,49.41307151699246,124.92884296111707,51.00266965020226,248.06118004230572,0.1941172534198918,12.049988715516049,0
0.0,0.0,0.37897765026043395,132.16554055559993,52.15252643886201,158.0807934389764,79.3792783171195,245.81297137342256,0.5655155342865357,4.627298187541657,1
0.0,0.0,0.40199055479161727,80.71709129854867,85.28304018300716,118.05585268953138,80.97595560643524,250.1619810684179,0.545220074961521,5.113711384163991,1
0.0,0.0,0.27219015503665533,66.10515913743804,43.64476044674116,109.27091197463942,82.98456385878654,241.87253864900083,0.4934741260789597,6.912100870759094,1
1.0,0.0,0.16973357649114906,201.89689177238012,46.31927966771957,132.53042256718203,63.741265315275626,232.7552411089074,0.18163814996003572,15.503750866380395,0
1.0,0.0,0.18045690604535886,175.6385717943224,36.270389095462995,104.28806091685735,98.81863460296026,251.1273344158519,0.21180712049395506,14.644502518854797,0
1.0,0.0,0.1472115461171147,209.94740733982474,59.36335405705979,93.36691465384378,90.33885345854222,235.02971551368228,0.3226184956434362,12.672030891030385,0
1.0,0.0,0.08140494285343218,208.0009112926394,59.50927548279212,87.23636398954298,43.55669512697152,255.0,0.18032810518627249,12.624023645524279,0
0.0,1.0,0.2686572905010801,52.26602035611337,57.07554430005531,93.47822505115509,72.60760751262457,246.246351964972,0.6244586398473131,3.590874251670512,1
1.0,0.0,0.10803951663304967,197.82615250930687,49.18205755887972,148.37608931052438,58.63386209470459,242.0649291130207,0.25145902180639834,9.828081138567725,0
0.0,0.0,0.3092659476336101,91.66936188056552,89.44463196669199,130.30369262630765,70.86030821803263,255.0,0.4611140301964326,4.521430817825983,1
1.0,0.0,0.08878508818553171,237.1341209179861,63.97288694773111,175.48086424159143,69.89474997123556,220.9580210098078,0.19839788146597567,6.594919250181403,0
0.0,0.0,0.18846861201701615,41.385092942472504,50.225103112744776,135.30742792143516,78.99220836805566,254.36408541589168,0.5386437435209549,0.7187294901408983,1
0.0,0.0,0.26218838976269776,86.72649212872379,69.49471531756022,106.55117433822022,67.87815902761889,242.3883284085913,0.6445929585270379,1.7615130065030882,1
0.0,0.0,0.2605261500795676,250.3756844918461,44.60980480622456,120.2566824247305,74.36898082823527,230.52522713229536,0.233113149107981,13.837830282635228,0
1.0,0.0,0.06157803172185741,153.6809435009231,63.57702343537733,148.3563460383445,48.76242410095137,246.900634857907,0.23083319882355594,8.393213034993218,0
0.0,0.0,0.24845916962124842,94.73622996235989,79.36687421709358,125.9832830071152,59.763506566823025,247.61080074648103,0.5918704578292369,5.522451335502583,1
0.0,1.0,0.28810862154849753,93.60526137663402,47.73269395170696,160.58502193749186,85.0499939225858,252.5045866454293,0.6911356861745626,5.23376752595669,1
1.0,0.0,0.27805040794188474,91.60425562067608,80.9775794857158,100.2496899620059,74.490117428296,255.0,0.6391863022160749,6.888037347864126,1
0.0,1.0,0.313995352155364,139.61183335098323,76.89763532328016,145.183157751882,63.51834845825461,253.07472319515688,0.5617707418460959,2.1459156069379746,1
0.0,1.0,0.3886011999588074,63.93994738951331,43.77099212113718,116.86115763985791,85.11470864945598,239.4508087968718,0.5835054351912172,3.180534486673139,1
1.0,0.0,0.050313217871427215,127.44121549742205,51.38660168643102,126.28602690788384,52.99861782072839,255.0,0.25283624556402096,7.299278973578038,0
0.0,0.0,0.34003478275318155,112.11831679937558,78.29286782877193,137.73412073326057,81.99847430498785,248.5110192188802,0.36251079359524674,6.56721402074642,1
0.0,0.0,0.20337930739107343,89.64779634017715,55.50679587672812,127.8293167647349,69.54133359548975,245.3042221511466,0.5590309799206435,3.9493880309727256,1
0.0,0.0,0.25167091906367695,5.0,66.29166302388467,153.13355957104915,59.53940580794594,245.61651457190354,0.4995577316702831,5.9931227856742115,1
0.0,0.0,0.3140327620182146,125.49182165760718,39.662254430491075,61.52253074533411,85.75536380736968,252.94038337583916,0.6709230647223938,6.901611459246589,1
0.0,1.0,0.3123728425815472,62.461468080284014,42.846126087021474,143.15038305994145,56.787098256350205,247.7240054759192,0.4598007350556803,4.048988459334476,1
0.0,0.0,0.24123121568593353,86.46189516368864,36.37996794315039,130.6592514413501,44.59426415518781,252.24913606863254,0.4487355558556911,2.8861592569136105,1
1.0,0.0,0.07931427515475098,259.6253756238988,64.4121743646375,134.80680613002875,47.72092460009882,242.09480534348026,0.16716879646001476,11.51141288369309,0
0.0,1.0,0.22471417151783601,134.54185767673474,66.69710685579534,138.52768754256823,59.58362394542621,255.0,0.5654031841683588,6.814210160654524,1
1.0,0.0,0.12117447996366403,260.59719926932,39.06188591931295,132.12638595831996,51.90613168894303,208.8432021933919,0.2655581148301808,17.483623875720966,0
1.0,0.0,0.12212541074960831,165.7685087119998,40.8209045423411,72.87355628622264,87.11412761653895,244.3680413270705,0.14804444158161306,12.015953852408288,0
0.0,0.0,0.4285040116954106,90.7536085462886,68.27801063616418,181.38466316529633,73.26597727703583,255.0,0.6064789105907649,3.269507308301299,1
0.0,0.0,0.23843850634275857,54.188449676614944,64.53194766591373,119.13050620656512,62.3813833252442,241.11159518814898,0.4996349739624404,6.1101190536156675,1
1.0,0.0,0.1439126245808358,216.39397620796788,49.754306825266234,92.6156724211046,37.21545328780028,229.4443440100285,0.22342700807730348,12.579327355075982,0
0.0,0.0,0.22043117311650928,45.56925830552998,78.7021059802611,171.40216369659015,91.67206409674696,255.0,0.4558596830997976,4.279210873847982,1
1.0,0.0,0.07371718427149525,201.2694210271205,35.754358856219,146.43440162440106,49.328067088744426,246.03402115801947,0.21253141160516512,13.427853105095185,0
1.0,0.0,0.11743215531040854,213.17436076655298,33.589914902472614,97.15934190573178,56.67167593061597,226.52959160513313,0.2751367163152794,9.872048793881287,0
0.0,0.0,0.17783587565139916,105.66666977062135,53.317444357693475,152.5589765809076,79.61221697532429,249.3629656380502,0.4821019653536868,6.032944732590005,1
0.0,0.0,0.27309549034238856,115.3917562508213,54.14014502386087,139.57415085625337,68.98039375213556,246.90919775658188,0.2649969890682818,2.0951747300788557,1
1.0,0.0,0.1048046179267605,215.98259129594885,41.21992100981783,60.134046586447845,51.78142043689597,254.5315484352203,0.20392196230418352,9.330693557403638,0
0.0,1.0,0.26557889557750197,139.61827997692424,66.30046549121595,61.9935742793332,31.92538852417077,255.0,0.4989391500702421,6.492969617316966,1
0.0,0.0,0.15160020745328834,244.50992055623934,53.616361244979444,124.37509410646152,40.039423030036104,252.63770844682506,0.2219575066850209,10.526865673012331,0
0.0,0.0,0.1946063216100915,94.38324554258192,63.7089546081366,23.815366538139983,88.95948060260196,249.17925293639112,0.4559984067876246,4.242756599417641,1
0.0,1.0,0.12184273504822651,61.05266812504006,77.34919873516557,148.44707252020638,46.90366112144986,255.0,0.6107289015101693,5.368364727103701,1
1.0,0.0,0.16412899752441498,181.52365355833206,53.89037122279892,140.87591517281356,50.80525093093966,235.1064944333796,0.2146974693971581,12.376186246934752,0
0.0,1.0,0.15567681670721578,90.05174087252352,74.0464202742325,98.70268742505013,63.71607640279027,250.08062393950237,0.6494351519815424,5.807333949432213,1
1.0,0.0,0.17097662219535137,272.6630331660517,23.943530581596754,142.6969402473942,59.70308483218938,226.34269944702717,0.20977016106416602,8.121156447579683,0
1.0,0.0,0.19591583030011564,190.98041591187962,33.96330171469631,94.60920840339081,56.99041051761852,214.0622566574487,0.23648864685170978,11.995428102889749,0
1.0,0.0,0.102028038163826,184.3235156913801,61.29166364900945,182.25195118045625,50.78191824463357,252.1056962491003,0.22256130080680495,9.460011422079926,0
0.0,0.0,0.18898201771470285,119.7738994262657,43.9165541921557,160.67417347270532,83.93073013881423,250.1609254351842,0.5931022958010894,2.552511090496646,1
1.0,0.0,0.13314570144409804,228.76025080532833,31.578722515148847,100.63283783893814,52.53057229773237,241.26141582375294,0.21507035348905587,12.970464489136834,0
0.0,0.0,0.34737268166603974,90.48950141899081,66.09795486502541,159.24691611471013,78.59244545263847,250.15238206960314,0.5285462335482036,4.811233196778272,1
0.0,0.0,0.20934878418821512,78.30234533300313,77.89377308515334,134.4047873930659,68.7921801724487,250.69039204208772,0.35153120585540903,7.553297185079392,1
1.0,0.0,0.21002069539722126,210.3633664699472,67.71449745422797,152.4016817741793,31.60856733614922,253.20098944436015,0.21906764172901427,13.69089261918727,0
1.0,0.0,0.12763390521706244,270.16849850625954,36.65676954508418,99.98432745667483,64.91716610361185,245.60300525117654,0.2550868930893105,11.151174608335033,0
0.0,0.0,0.37789177364037735,131.74089949283325,75.65823653446678,95.79834021355447,96.63028172599482,244.37172516099707,0.537941281152653,4.956738302520217,1
0.0,0.0,0.23069938763051662,111.35265422254261,69.61419002283795,130.49691937767804,33.28415122189992,244.18478674857698,0.5200303943335686,5.495396802841144,1
1.0,0.0,0.13234168535946558,251.52902928120287,36.743463171978576,138.70221414839747,76.92359674903255,245.06649148581903,0.22413950620301593,11.655647349030183,0
1.0,0.0,0.16905791924413888,211.97022502676884,41.23699275075004,80.0061493566658,55.837295717096495,254.93960518269668,0.2379750018758061,12.05846303664627,0
0.0,0.0,0.22851754816753342,134.97671130437607,46.03252389567552,145.75709658477896,26.29375336434223,242.88020943901196,0.5617588629887202,4.969298477236366,1
0.0,0.0,0.16123423628759428,172.522143204571,34.89401780071087,118.98224322216274,24.235398168213813,250.54710295854073,0.18310924529042985,16.95926033869688,0
0.0,0.0,0.1855303946803049,74.38012944780876,62.05579022918095,168.87391084088216,81.42582941514776,241.86344136026344,0.5899044140646527,3.527296199971294,1
0.0,0.0,0.1508593284117222,96.55222399732762,63.6786313395639,148.9351542792888,94.27850846111141,250.27599621265045,0.6477847564654332,5.498816735559585,1
0.0,0.0,0.15051763099216903,233.29621260272307,41.38537233306014,107.72074577712836,50.149659815588805,255.0,0.14410361959816304,14.159808874906116,0
0.0,0.0,0.12084612807155307,191.2822871048582,44.02084753557096,103.15326761008123,54.82279678292959,219.90795337563367,0.15378213331848123,13.852542378341123,0
1.0,0.0,0.22536307762887678,136.63062972020572,72.08945518765108,123.44684329044969,64.04008362517725,248.83137971074137,0.62147317275177,1.586253463557345,1
0.0,0.0,0.3042300255624726,127.19059175644568,69.93660168065195,126.03017115119496,50.337973899702895,246.16838737609288,0.5816952006984116,5.310884312718361,1
0.0,0.0,0.2634923737573382,78.42786648267591,54.94827199318651,132.80731222573624,63.06210430536058,253.74641278439725,0.6462502591953299,5.825410178991254,1
1.0,0.0,0.06195955940096119,197.7294391033881,51.64927162301741,102.66237669501868,66.42513075991087,218.89533806844017,0.22305390161482178,9.538415782455111,0
0.0,0.0,0.08780683823043574,137.47961330151412,56.834936668899275,112.30977964882524,61.607548728893946,254.7577851540922,0.3183707182013561,13.55736007603327,0
1.0,0.0,0.22653754161718487,185.30165261679088,54.13771621385585,140.44086979725915,51.91858743980856,255.0,0.3471524167634311,11.462009191099549,0
1.0,0.0,0.1386757950575084,218.37408327371523,35.34335196476792,134.89200353201824,71.30129195253646,234.4707095132145,0.20882420918314765,10.762588622773249,0
1.0,0.0,0.17454874758191258,178.16178813808912,32.11692382536462,109.78203879270416,65.12737820932449,247.58005721471022,0.12430847493775732,11.939677223862567,0
0.0,0.0,0.11854489510766661,53.100733180543756,68.65295306279516,146.39522358754746,80.15201714796258,246.3113164765758,0.494120042793766,5.125309593885061,1
0.0,1.0,0.19986262203280278,101.97476308339407,112.28085101768127,145.0370939333905,114.8274083683381,248.61555322115598,0.5427142311158946,4.351918658316491,1
1.0,0.0,0.1435089650133287,266.06520161365063,35.121266590992505,135.59706418586256,43.90007951665657,235.08290310185217,0.14396161746518754,10.80070275808466,0
1.0,0.0,0.19192453872258208,159.5867139179537,48.38023481101708,113.74595368378776,46.22681750235313,246.54353557201583,0.15108725309697613,17.476042502971058,0
1.0,0.0,0.15743337286010556,244.5191581759893,58.99594645145793,134.19114846480645,48.423887781048265,238.28160858791222,0.21209010357778743,14.578451313193327,0
1.0,0.0,0.058189731344835155,239.16952546412978,41.698799060335496,106.27100251987154,41.74654934489749,224.3970193356679,0.2537610770590958,12.379143180362544,0
1.0,0.0,0.17223013341100704,189.53430902103193,42.81346722564964,131.6211444189897,61.87128149495902,230.04845764170767,0.23106733699845514,10.585157172768987,0
0.0,1.0,0.1924677344606064,91.06199441952559,63.14406580587746,104.39475230810287,78.52300903775384,242.5942713768914,0.46036324521748195,4.621937137563721,1
0.0,0.0,0.3543472194302522,92.25821923105303,59.42213176582002,132.3444992260242,63.66589783889894,249.94242455961677,0.5041123154975004,5.207086894147486,1
0.0,1.0,0.30723050523529954,82.18041572988024,53.9719844785513,140.23592851315757,58.67690021943912,250.96724287495897,0.5317839416142076,5.355729129119537,1
0.0,0.0,0.2456084799506971,55.26457515416979,54.02552391637208,123.84380896638534,58.749084597560284,255.0,0.4869541545814523,5.190623474764236,1
1.0,0.0,0.16508959499097328,171.7612997914529,59.66540859278603,118.27827890995373,67.03467117222702,227.73162236792243,0.15096059957932206,14.94710861006411,0
1.0,0.0,0.020447885392754495,213.0625265616928,43.34368589682368,141.4761823407288,73.42365834040238,236.4708913504134,0.24320349910694736,14.389259927784668,0
1.0,0.0,0.12097382750976386,243.45780321946364,46.75286778933924,102.59951002038946,30.490124036610084,221.88360911184972,0.30556481670497926,14.471521983747937,0
0.0,0.0,0.2064708798308646,45.14648468262909,82.19045216213098,118.17732204791156,95.8190834759558,245.1034988485868,0.45366036588014313,7.2721636561583285,1
0.0,0.0,0.1869772998473409,74.73308163502354,63.68847006834228,172.19300517756344,90.95701402764277,244.55794382163577,0.5225356250633703,7.144469478806099,1
1.0,0.0,0.10747397728953498,138.1168788836351,55.235306441853446,154.88515732604958,48.7785590306753,248.98654997795393,0.14241594454828282,9.238063315896209,0
1.0,0.0,0.23747883715934698,199.9645702711677,49.51225319318508,86.2183811726685,60.934970244286845,230.10377038119051,0.257734688335836,12.857896385493541,0
1.0,0.0,0.11230177055666618,158.24285491849884,34.97782981073275,114.73864632303928,68.2452477943539,245.06223112089597,0.2687305633788277,10.823112252188045,0
0.0,0.0,0.17045205003131902,57.326254995249116,36.649847432255854,114.36916600214485,58.26039291120826,248.17423693400895,0.5838975893668262,5.593855423966129,1
0.0,0.0,0.19868147238216383,46.09388825978228,93.8516869223743,141.74089215559567,83.69882076735797,249.88781974009714,0.5824758239533542,6.786775771673854,1
1.0,0.0,0.14279562221391923,180.64501487627996,39.107283482106936,147.01599231994774,63.26703509623089,249.285494198828,0.22040679563891782,11.39147424358023,0
0.0,0.0,0.2670634965898351,39.93555292700326,73.88850910770996,90.40187583231217,91.74308972662769,253.88465846177414,0.6070487330863574,2.7664386376246273,1
0.0,0.0,0.15125209024960623,61.79404466428474,37.343096247788814,105.16646318740638,88.44586816080805,246.35520374983417,0.678558223436168,5.971724573355529,1
1.0,0.0,0.29977657152347215,77.16623856673992,63.29779031176788,86.28145666668941,71.74592596861817,242.69749550290757,0.5396537210153077,2.7651671743989956,1
0.0,0.0,0.16467789660833146,185.01616759966066,48.207857259326836,144.26757808178158,54.8390406494366,255.0,0.16799227715826942,13.02595819196723,0
0.0,0.0,0.26951625583268,61.915380326481156,69.67479284007167,120.73889624479395,88.66649023032184,241.5956477038094,0.5034924053798995,3.9132654416207364,1
0.0,0.0,0.35095372005711933,103.32222058293533,52.485772849480625,178.8596488668885,75.50770555944544,255.0,0.6477872272211138,2.683886060056253,1
1.0,0.0,0.12178762006713056,175.3438588800114,49.96199187363317,102.32003305717915,54.3186024509536,254.36990912220028,0.16986878476927214,11.71710376385979,0
1.0,0.0,0.17539178781448117,133.67639358444586,39.6783143687281,53.44956719846756,42.31337678455728,236.56378453617435,0.18760599404606687,10.724840124759794,0
1.0,0.0,0.1416439143106794,211.26539610204708,67.72434720446881,103.40730549257603,70.31899458077142,242.0278551148108,0.17745029914853455,11.27962434394371,0
1.0,0.0,0.15899470755767392,190.49804824992526,54.78422112028035,128.35045903934008,63.279889601359464,254.4623382625797,0.21572222954374265,3.896215436677199,0
1.0,0.0,0.15339277552637015,177.8477989435759,29.57198484790354,152.88209722432197,47.836590956996254,231.13472316399853,0.1196871605799021,13.617261308141414,0
0.0,0.0,0.24788753944328584,5.0,64.03883353776925,157.13589758248054,45.42445752307429,250.9014744025172,0.5641595786739884,7.10697747768528,1
0.0,0.0,0.17644923267308613,87.56721189280032,59.95419581883296,117.45680622734255,57.78541673209323,243.39222106744475,0.6100733015145592,5.464283240944422,1
1.0,0.0,0.14064278674977254,181.47459507049854,47.586611478553884,78.2179358349901,50.88646812330666,248.29357842899222,0.10634970845346897,6.492716616985703,0
0.0,0.0,0.2715301552996086,99.21439385602471,56.045385699183896,137.8991399681335,75.02219889374587,255.0,0.4056074452926244,4.281975866529172,1
1.0,1.0,0.17770385114158976,70.11656640958726,67.68042075215713,186.48621417859863,54.861452781097114,253.5758719506403,0.528488619982951,1.9690813805382472,1
0.0,0.0,0.2036253668654901,258.4794996213887,44.22778954776955,87.41836253645742,42.14388396488265,227.6727775736798,0.19947674354736356,14.359288764390111,0
0.0,1.0,0.40209525486024056,85.51503548967513,44.171861692531834,152.7457095247375,80.90465150081207,245.25523586115662,0.4666401717033594,3.2761356972771702,1
0.0,1.0,0.24703705623612704,72.75507662387663,46.573342531013566,177.08579367940752,67.88051831228334,251.62018221353267,0.4481130042933265,6.213311089328337,1
1.0,0.0,0.13326123339467294,284.997868728819,49.21546083536561,99.62308040421135,48.26102103872117,228.59454538175805,0.2926020022406835,9.219181325823548,0
1.0,0.0,0.12356916591251216,214.7112064506747,43.884911728570565,93.652102415296,39.753403959281535,228.509321963994,0.23881142523620533,13.663336336272188,0
0.0,0.0,0.1545090534594816,46.854116208124395,84.44094592672094,153.58591332129734,87.24664428005025,250.16071573482282,0.586022603707743,2.0023120555439333,1
1.0,0.0,0.15802869905249323,234.94142101012673,52.060789138151314,148.2354559925991,44.19246756953481,226.11165144163274,0.17001800025893982,12.218478572300304,0
1.0,0.0,0.1585208111187744,166.98394302632764,62.96360822926964,110.47948523272396,71.56203329981957,239.32315664513922,0.26053372762710986,11.571859237937664,0
0.0,0.0,0.3598926836130366,66.45021571521131,35.46615286375875,145.32400094980875,54.15456823905503,238.07547245524708,0.5625548586651149,6.403883507847931,1
1.0,0.0,0.23634819256167025,299.62576765840595,41.38689438032709,94.64538124721523,61.24159355678139,226.70939629532435,0.17206020905575214,16.78172033589199,0
0.0,0.0,0.27122898795197026,34.56589072457699,50.12455004839534,161.02781214390606,78.60142075391963,251.18111823132116,0.4618566294773005,5.184533959699045,1
1.0,0.0,0.08165606507922894,234.67394559569968,51.78931290059278,91.7880325054694,30.016666397081252,222.45779056195474,0.15497757693109868,13.459707555710002,0
0.0,0.0,0.24817055501608942,38.98586580619263,46.13197766136668,129.47885558689802,46.274922701437646,245.37968596329466,0.6141894122858639,5.789446180282269,1
0.0,0.0,0.3616547048631965,52.70949749054499,82.87849001620359,99.4932095652405,55.398753963187715,245.5060009487808,0.5145793611491212,4.000428568536717,1
0.0,1.0,0.4707728031128862,93.40617502408094,79.35054779578488,218.8026665203858,76.38674323430696,255.0,0.7485380395260294,5.092960878973996,1
1.0,0.0,0.2659664769990847,233.96866414782517,56.70198709196604,102.0468725825686,37.942656731531244,253.65323675497118,0.147264777251704,18.14967996257345,0
1.0,0.0,0.13738232489368563,263.7437520639361,40.847862320947286,94.8332197792279,60.56544859685884,243.05039189998152,0.19755850820331486,10.078083974903699,0
0.0,0.0,0.20712292439087615,110.34389106225069,72.45310385761395,142.37102937541746,30.83438447543496,245.9620432995085,0.4214400885947228,9.236656924566446,1
1.0,0.0,0.17568000532848582,248.79083596723547,51.78946987762233,126.50049356892859,44.165407653021056,225.73569925358294,0.17842721777200576,13.596358293168997,0
1.0,0.0,0.23362861934188517,244.34436950486503,36.18931663338708,94.91813543699926,53.81281482168095,255.0,0.19584553361284085,14.804222855969797,0
0.0,0.0,0.20502655787373583,51.90480875631212,79.25023743004468,88.09747751066229,42.64398772369326,252.7550853011315,0.4907534544619486,4.086156417839739,1
0.0,1.0,0.3613972240051463,58.46243327757195,44.06316196711272,165.47613256059412,30.52851664125606,250.7570369531239,0.4293977628591882,4.811790751600621,1
0.0,1.0,0.31080447709516823,48.73866763270691,47.416493698450395,100.75251589466878,116.96442949093495,248.67203683368794,0.8106859163149771,2.753004977231408,1
0.0,0.0,0.2937695292140168,102.18959455174014,48.56720916731656,111.07280011997643,59.438104283345716,240.3295612727021,0.6385256320865961,4.596611283647913,1
0.0,0.0,0.2812371879943112,77.19839423300155,50.73633905469152,123.26645713461906,67.6943828359223,246.4434838652526,0.39969531406425196,5.100962457509755,1
1.0,0.0,0.08440818838249202,221.07933053072279,49.16446038101453,150.1777353538925,56.09536438092844,250.74510120810615,0.2769598600087454,13.922839448275083,0
0.0,0.0,0.07785476789365561,94.46200182006159,59.257742155805474,181.2144903424342,58.704879943529036,240.17731980948537,0.4921048242651077,4.097446801293929,1
0.0,1.0,0.2948735558352991,71.37657441798933,71.44011234202601,158.48189368969062,75.75083682973643,249.79354319107668,0.4159875104345214,2.913727994559853,1
1.0,0.0,0.15106357883680308,165.47294738418702,40.86384334370357,164.90131222337945,38.89584899230246,245.03952260160864,0.18727619616773294,12.830930833059963,0
1.0,0.0,0.17095095046830225,178.96191031594734,37.87779236350949,162.73487463740844,48.919537525056555,219.82185493787097,0.23244409629519197,12.57273707911595,0
0.0,0.0,0.25985638454275883,64.50711068337284,74.97054117999664,171.0294585334364,79.1015067846926,255.0,0.6193823453859103,4.578686080334166,1
1.0,0.0,0.15334953586124359,150.20923026048854,47.29074688205703,145.57405930298853,76.315656392368,255.0,0.1820798212243556,15.076150119399939,0
0.0,0.0,0.31543117264200227,97.39571855885396,66.08418448076434,137.38252942370173,60.63870432763471,242.96456402607993,0.5666485272577148,3.7501934482424515,1
0.0,0.0,0.12890284859097384,49.87836209473969,67.39193760206194,110.22311707640736,111.3779706440065,255.0,0.5691889545021648,5.452650017396888,1
0.0,1.0,0.2096180063017426,43.02430055694473,73.85633091877196,193.2873171168236,89.33178679519304,248.92522580960525,0.5015982876377916,3.4699014066489724,1
0.0,0.0,0.2941188300832374,74.10600249715708,56.70618743949047,162.88456744747597,42.53234940117513,246.8539392523528,0.6666528336221004,5.669742961132575,1
1.0,0.0,0.2246344284479761,216.39105864215426,43.86871947484259,103.87062726660551,59.56175391219022,250.2793512706645,0.1566012288735834,11.765241078217382,0
0.0,0.0,0.303638449379297,111.25173992176553,73.93236346458886,166.1203838675732,52.13322017832279,255.0,0.6653502849781544,2.6057028694077333,1
1.0,0.0,0.11782408848099285,250.88307334217512,39.49884717063461,126.01378894241186,49.358532640072866,245.46842216033187,0.3144395330440145,10.554469754450615,0
0.0,0.0,0.12569929871871485,76.11448259409677,63.01745966533442,108.15975866984067,79.66085903058968,245.61257988922185,0.5935546318992364,4.660843932628729,1
1.0,0.0,0.25614815063670143,105.35473913552966,69.03942128871101,128.56511373942766,80.37187162088595,255.0,0.6353348977340147,6.5140827920267785,1
1.0,0.0,0.14097600432046872,229.93971947809553,51.92855755817811,121.67591819533492,52.33516244706409,251.51219016831195,0.2752531019304165,11.970006638430691,0
0.0,0.0,0.09538436176637105,166.2145960419194,53.81407528923571,79.24277954227577,42.004121023646796,238.6204730069543,0.24524810207471,10.669640274567245,0
0.0,0.0,0.20100501002876497,72.69848061874946,50.44813609430535,68.10390879181236,78.68618128156207,251.92985046284437,0.5717718201087167,5.559758195320879,1
0.0,1.0,0.2517972714249637,75.81808398010297,69.61514980101671,159.12075599760175,105.60669128708822,255.0,0.5166513719030306,5.408270476686248,1
1.0,0.0,0.17898165866067878,154.61219099265398,49.08052846836756,112.54152438699968,57.35831349060206,243.85880131667253,0.25518600068612984,9.278266473809145,0
1.0,0.0,0.17423664086472374,214.8287772570381,50.96441137581753,73.65187959969724,48.892648405017624,216.47783529869923,0.25364648072536733,8.680503316301422,0
1.0,0.0,0.14954405016778982,190.8401690639806,48.61661061247017,141.95866507529536,47.2250673849841,252.85463305474178,0.27181840171218774,16.779015167658304,0
1.0,0.0,0.10057044464245413,301.18031096148195,54.75312458477979,174.4022309554627,58.12669671974899,255.0,0.17926847455929848,13.892580162634944,0
0.0,0.0,0.3007777174849416,140.36811337102296,51.2551862138987,158.3194385215233,76.16740581635791,238.90111026274076,0.48429647629826766,2.3351988093213087,1
1.0,0.0,0.1775026049512276,178.5377789850669,53.929538701087694,107.50124083153612,46.23035843083896,239.654241658718,0.18584240575600622,13.705846955149148,0
0.0,1.0,0.12350474383742932,107.46170826680485,74.82463376332535,184.95568775012256,120.0,248.1218316964133,0.7139256516741752,5.230827291945641,1
1.0,0.0,0.21200770747019804,72.67758578977396,77.59202756777607,143.50821046812445,40.07066548841933,246.48544280980215,0.4903006411579068,4.802607982194066,1
0.0,0.0,0.08969101084745973,5.0,75.44251995738934,206.47622686871557,78.88666926676467,245.7303354576997,0.4759767747451292,3.3978851797909364,1
0.0,0.0,0.2761395811681856,25.46062323838536,48.520693622332814,71.27339027692943,89.90721448155752,247.61561769678082,0.4449562371244033,5.54585706958547,1
1.0,0.0,0.27790996428341264,165.5136112967913,42.86543220649562,91.27293134954364,75.32434476109559,226.4002718226856,0.161289809082355,9.572344927230667,0
0.0,0.0,0.29444835728027585,116.69249201285976,55.87660238832861,112.05092981884947,102.36158700977202,250.97538462711302,0.4940836164940792,5.500598209092531,1
0.0,0.0,0.22254461796020716,74.28490682006566,29.145434487958433,109.51398346605646,44.11132303503511,254.80152584043333,0.5944853537557488,5.021096229652143,1
0.0,1.0,0.23938930028939412,69.45757292858802,71.36100292277676,168.43442330225218,59.5308831193314,255.0,0.4773225862166157,6.622260994238332,1
1.0,0.0,0.12354736613268526,188.26897150212932,54.040175547613146,120.42447794897275,45.026816122328924,255.0,0.17081389332186994,7.694357665106202,0
0.0,0.0,0.06630552374902093,46.48440614878993,36.325391740223644,97.5760927185722,77.67916761160471,246.7405570873431,0.6277596061792272,4.953484350522412,1
0.0,0.0,0.3272317987672937,41.92008510359903,73.5800941745071,93.73767780455861,86.52902690244845,255.0,0.6447511908575567,5.884466347710646,1
0.0,0.0,0.3160078611734108,38.84978908308602,53.92914374507913,160.51722757508276,102.54361873009123,254.83897234501714,0.4419592670721499,5.133487196174812,1
1.0,0.0,0.10610087066217194,293.5482587685891,48.467099776049196,146.18473053016905,57.41056298563748,245.96095535188851,0.12372141459694581,13.317453478409384,0
1.0,0.0,0.10051859317148312,89.40690443352466,37.19800870882537,105.63724285434934,75.60646338967258,239.08353737991197,0.20215154866606408,12.134743367583017,0
1.0,0.0,0.21093809258486584,196.42003740709666,29.542702133092668,85.38923155980424,56.17579544394616,219.62737617783608,0.2362245530190864,14.85849526787388,0
1.0,0.0,0.12336495801690442,245.9227221971207,36.8759765106258,110.89949797568597,54.69471360649491,250.43898151411275,0.09399563924399129,16.24405944927335,0
1.0,0.0,0.1815405842277389,89.03498136262324,49.24393937861012,130.321617646904,69.39807545005414,242.16489707589056,0.18763298064874218,15.221084056258471,0
0.0,0.0,0.1775414159309905,94.00012945898243,97.76145100070684,162.64719027632984,60.6685302315179,242.67512626947556,0.5229628600864209,3.0922993413883724,1
1.0,0.0,0.31970378379657954,78.82078137117107,83.27292067631384,168.29571855048192,81.63295334251525,248.8109648128703,0.6993003104443204,5.295553783498199,1
1.0,0.0,0.09926216346535666,121.78791941444743,55.58728529883879,140.9606644055113,69.81646540658431,253.93398020298324,0.16784083289864848,15.346480345739018,0
1.0,0.0,0.2238765040527631,133.87710216282147,39.66399693560833,117.91403141273192,57.873636689586924,255.0,0.1750506372010444,13.483848580732976,0
1.0,0.0,0.1797377170832643,188.29900704465092,44.0337632998511,149.5912951771781,48.508187540839934,237.5706777458801,0.2542611131830816,10.116990546022572,0
1.0,0.0,0.09291554429332474,224.09330308592456,57.20821298813048,84.39019835082766,62.033451246220636,255.0,0.2872430703311747,12.007650291846431,0
1.0,0.0,0.20823696772285857,249.8429386732904,38.617172734715055,174.61631723825445,62.90069177886239,224.88198130166805,0.19846067487932925,9.532643158746108,0
0.0,1.0,0.22447568514667054,97.193834397236,62.53497191171913,152.01646770466786,120.0,255.0,0.41595113586335636,3.7288667934481534,1
0.0,0.0,0.38119716234971146,98.88588752665433,69.83123466150478,90.55004909121435,75.58861183355104,254.09869858629048,0.6814226575703579,5.957118536508539,1
0.0,0.0,0.2439388570771632,118.38394794973253,49.52067136858348,122.89282348334902,89.76474461632324,241.41983375844654,0.8136669141945589,4.733267405645341,1
0.0,1.0,0.2089429146822732,87.54420826821536,59.40986624072038,153.1775560973261,54.379494497053855,247.83305216656925,0.5340251502008414,5.866416605759213,1
0.0,0.0,0.2530751788318199,186.05185348340956,53.15501022444263,95.8448474477137,58.071805601220646,254.9589835148831,0.17419416790642828,13.338646868524084,0
1.0,0.0,0.02230394325490226,176.0581271995798,42.15615350393491,118.57887892366692,55.87796542870968,233.51557231339004,0.15889171966552967,11.058943613529511,0
0.0,0.0,0.11216024557152696,267.0230525895174,19.677539147803145,145.40646311654743,60.094097342766275,255.0,0.2832801606843264,6.08786156802122,0
1.0,0.0,0.14687034360502388,207.587899612437,52.760279138434754,91.01261040740238,45.07239060151144,220.19259834892452,0.23018228694803694,10.039590354100419,0
0.0,0.0,0.2841755489497348,63.82631890553064,43.502722782129325,151.77763337002978,63.69214059429197,245.03203498034276,0.5173352436811389,5.503627815401286,1
1.0,0.0,0.17682549217852017,299.7833744891982,56.00821398422605,80.77890653307108,56.140499990733154,210.78986288788778,0.22281247442642665,14.078747167329155,0
1.0,0.0,0.1974777067720662,92.33285400643778,35.35294574249285,100.38304835023271,55.05766049673021,240.47639184872176,0.17743485678281679,7.025134325447188,0
0.0,0.0,0.15285065624485422,227.57381376197617,53.407344821295496,127.86200427260177,54.26321403496065,220.73419445891227,0.2391013693787064,11.83806935050531,0
0.0,1.0,0.293702739840296,84.23771420262389,75.39286376356155,106.22733958602254,70.44560770328495,255.0,0.5666637895311839,4.04659591187621,1
1.0,0.0,0.20982857508322456,168.53683031536056,37.9097904236951,102.1011282416481,57.14638733380176,255.0,0.25190062636579813,14.193868883628552,0
0.0,0.0,0.2186681146062567,66.00513862315407,83.45333263476181,127.80302512248633,90.42803589807534,254.82384947151223,0.578802836830549,7.262723414079911,1
0.0,0.0,0.3638198508879952,86.75792351742649,47.161513023843064,134.28038049273223,92.34374825655478,255.0,0.5534333388568836,6.737510788202711,1
0.0,0.0,0.19332745864716297,90.49400073703723,46.74075961669281,86.15930233357248,66.7896303454054,238.2477207368782,0.4704029626149502,5.244951922469843,1
0.0,0.0,0.18816978657411126,96.3043813601028,73.52154807692969,148.63615834321956,79.79715491698593,255.0,0.55855133296396,5.438376890512501,1
0.0,1.0,0.3271881306477966,12.853063000250842,69.52550013352604,169.78237750856536,26.92662797798939,250.93495104862333,0.41799228122626986,1.2653319344924512,1
0.0,1.0,0.29461528485801,89.3955342159494,66.26252345278544,95.44374446803607,43.70755745328391,247.9846706598164,0.47380587618649167,6.286759567410144,1
0.0,0.0,0.24925597430891086,69.91235783956785,107.2198166670883,134.22877975985054,105.65746711272624,249.53562749303472,0.4793293231626995,4.4087257199956085,1
0.0,1.0,0.30910483847100023,48.23277238830198,40.42956413845975,135.91716634709124,59.658650891993986,251.6668492563044,0.5665240050064926,4.916273788322835,1
0.0,0.0,0.2655685964189794,33.5414510340876,53.604453237795695,135.6783433194309,58.27816659560747,244.159110860749,0.5944145171087258,5.485393599513133,1
0.0,0.0,0.19769869290809441,125.63018681478141,73.55760812531774,168.93491590135173,91.19188871943771,246.65772544573412,0.4110219856807331,3.6803885708044906,1
1.0,0.0,0.01,202.74670554999244,43.396399189551694,142.9872892512153,74.28692955804254,224.65120164936624,0.1844531241824453,13.615324190060429,0
0.0,0.0,0.30247206212238087,38.95054883501569,70.21342420705328,99.70429436084277,88.71715637216838,255.0,0.48452302243760514,3.511464260010494,1
0.0,0.0,0.15073440973645985,130.94776984231126,34.39394933603399,136.32661057021042,52.49703274356006,204.28891341714754,0.26372201139244517,10.513740760127481,0
0.0,0.0,0.16418055794081549,74.15908111649955,59.803602409896506,155.55870949321042,87.88247535700218,252.1617635710017,0.4243434664054565,2.8683769869694977,1
0.0,0.0,0.2647079635802956,68.34437674450972,60.226437083860695,91.79208005521613,77.33157024024928,251.99734686301093,0.5363010422306058,5.5420036861778765,1
0.0,0.0,0.30665715386052456,28.88385239519843,61.96213659402755,165.407037520677,70.2710232652828,252.2115843408224,0.5306390488964492,3.9257737785198747,1
1.0,0.0,0.1592340152932454,127.51773901507349,31.14012057601002,79.27447380474194,72.04732113921033,252.1389704736298,0.1082115621911455,14.23949054558982,0
0.0,1.0,0.2912942629691967,82.80117122829954,56.776995527498414,137.42794309303244,75.81849497457846,255.0,0.514791225254612,3.578784703129223,1
1.0,0.0,0.25066936237633114,125.17353724549605,44.26027136405622,129.73020630044604,61.54287866898501,216.14787253979554,0.13461117174261697,15.935366965081021,0
1.0,0.0,0.16615838570923908,227.7756323171124,43.96568775709716,135.02494773012634,79.73262436410155,255.0,0.20439867735645845,13.200159044760259,0
0.0,0.0,0.3127683430318419,61.634992485355376,62.94033551316681,119.73455954723802,77.95511814800257,245.79275242935495,0.43197682657996306,2.3666482477396897,1
1.0,0.0,0.0516821705311999,225.71273780089174,55.639409875608564,86.01645146196765,69.83838206681374,247.64533846836983,0.22698822564141713,11.918740267355776,0
0.0,0.0,0.1976739453498061,66.02583292645511,83.79263951641225,126.74292147407566,102.819447160028,248.6772705064764,0.6310027238506117,5.428624754082016,1
1.0,0.0,0.2578654106632752,217.18939407749428,47.12574030632215,99.99453849145308,46.3684549378804,232.27243651361974,0.1843661415173362,12.231568969872308,0
1.0,0.0,0.16998439758763206,174.85126147243284,51.954024745502984,61.89741892492605,71.33498758116471,251.76219624530248,0.11096871635462555,12.470183392479433,0
0.0,1.0,0.22923626579328663,64.8275988721419,90.54758914877057,153.12981717370081,109.4431019561639,255.0,0.6938169201145703,4.788006355453015,1
0.0,0.0,0.3553692053871892,44.73216183125445,59.59941096864526,186.86862689527877,73.90443279322349,254.16578883314716,0.6872271316607992,7.95891987895161,1
0.0,1.0,0.2303150009496041,87.59495714113943,68.38642284667631,100.19500173700727,77.14415924080268,239.38003590937183,0.696785044499731,4.40349352893125,1
0.0,0.0,0.29926169198169134,103.25466482104349,59.5532500826665,136.44506094556039,49.432947423953514,254.00350973772788,0.5417302254981602,3.9963210915303753,1
1.0,0.0,0.17844915395926375,179.64818435366098,46.84710474781083,163.59826428127633,62.69871554319625,228.6607393996212,0.15334469614064455,16.039681225305785,0
1.0,0.0,0.1393278564534896,124.10631266595954,60.89838978180684,142.64199894203426,63.84255908541417,233.35104802773145,0.31846436504057485,12.375339134890508,0
1.0,0.0,0.10141929807446742,149.80213139592507,59.8911310832829,91.07399785730266,70.99581422198997,220.71613498865958,0.20711889562552332,12.421628419025488,0
1.0,0.0,0.20120312629057313,239.51859480258557,43.16849528946705,54.909677468228935,27.08426295269964,239.00326537035815,0.06130925300330417,7.550312229479582,0
1.0,0.0,0.21312920517135908,104.01634219011719,29.02400830404568,120.03977066203221,54.23314681534362,255.0,0.24042855034450586,10.1912834439505,0
1.0,0.0,0.1432991416663541,160.70069836825087,45.522584904974835,158.84956754450866,54.399473624953735,241.94052010055728,0.13817608567038256,10.354043205148887,0
0.0,1.0,0.1555349747752924,22.719317374781212,51.78868865595905,125.41947617416338,98.4362028654769,250.1154032947521,0.6379014154557008,5.356418541905809,1
1.0,0.0,0.13417957751525988,201.70762087440124,52.211353625455814,87.60791036172455,70.48379527621184,223.771284469303,0.18870966254619792,11.028579448771993,0
0.0,0.0,0.26913974912889194,78.07435468674507,40.82648961345758,184.49655509158816,76.63977627649439,246.41409049638764,0.6789203051406874,4.3141614551471985,1
1.0,0.0,0.11782250838412689,209.8646132815603,42.640300127890285,131.59147961544184,62.27104571927599,234.09926553383013,0.24826633335805634,15.788534538370524,0
0.0,0.0,0.2740379487688663,102.79136886452505,86.30756430906595,110.29792809166221,76.8704699287722,255.0,0.6346118469295934,3.9787125862217128,1
0.0,0.0,0.2690695186187828,71.10177622790604,62.27745256796499,125.02170100352951,82.33492815784514,245.38905547284187,0.46901099009105923,3.459293373147266,1
0.0,1.0,0.31456980773098486,5.350179397610319,77.93335267830466,91.73524713893381,42.321540818814256,243.17947003090822,0.5085083721879673,4.481963956630218,1
1.0,0.0,0.17693779962231845,261.7891095911077,35.95385625006234,142.78544662458324,64.08632094980415,237.6324373523961,0.21932931149525964,11.5270245468123,0
0.0,1.0,0.1296223700775198,43.90397433832567,49.36133457994136,75.82649303377418,84.14648562173531,250.28932023713378,0.5607983920725229,6.275323653872407,1
1.0,0.0,0.2789854668827159,244.62986691496548,64.11419087139723,135.1344976914905,56.14582312317328,202.68266913656504,0.23633970232009022,10.552539450150238,0
0.0,0.0,0.2839248835571272,121.65013334625343,62.56814036780212,191.33322330215904,58.31630302534752,255.0,0.38447752878105673,4.307402601123587,1
0.0,0.0,0.26143544758109655,117.71447650587719,53.94844796078567,106.17627602809527,56.97248640205651,245.54715594704493,0.6283159887777011,5.526729200329495,1
0.0,0.0,0.12432990783452005,67.51416785344239,84.88148163642617,117.62138925813107,71.47732992898044,244.17974683797087,0.5585594703944526,5.601159503710873,1
1.0,0.0,0.09149434869703202,252.9968192023311,39.806036281738734,58.9133849143219,69.20656283684863,255.0,0.1542261485454854,8.231935449040154,0
0.0,0.0,0.20953231373931708,173.698257866621,57.300005727191504,150.7532745774532,51.57993005336691,237.5237915249543,0.15451597803437622,8.674434360896655,0
0.0,1.0,0.23789813730771905,62.88945900758958,36.655260618557705,174.17357211474337,99.47711837085187,249.61252850053506,0.5119963153710647,4.944859015041462,1
0.0,1.0,0.28011276208780134,58.79322296037954,42.49667207829596,171.00691469982183,63.24287390184,248.89990986170162,0.3103917711669584,3.988360601787588,1
1.0,0.0,0.08329872525408977,223.10863330409714,52.123221595801624,127.90652435864355,59.38060969489076,223.85428218896914,0.20167217339865756,10.974926471152724,0
0.0,0.0,0.21190233011642728,63.333596615394,86.93293908076456,159.8273380059361,76.49019187653545,248.64816651619415,0.557904780215028,4.224689516975301,1
0.0,1.0,0.3027396534745924,112.48073161661219,57.67589236322683,109.30183373101367,97.8013569299032,255.0,0.5187163526948478,4.957726253812459,1
0.0,1.0,0.27655842644552114,98.76524050493107,113.64639454392099,218.59301975046534,84.00991447556069,255.0,0.47859348820178216,5.466465750162301,1
0.0,0.0,0.12981757683790016,253.57715761174427,47.66818396295402,32.57232030549177,70.60548539416178,234.09582626950484,0.17911084937431906,9.080606460250198,0
0.0,1.0,0.2571664545004199,72.23436798890505,70.44673441616786,126.7501064300166,77.51802776789918,252.68739352303214,0.5039693237425638,2.1824153888903473,1
0.0,1.0,0.35375956372488876,93.8961887629737,82.89102748124621,160.14460982150743,65.24733158090075,246.4000523338903,0.6393188347207253,4.0127131102521805,1
1.0,0.0,0.20742228545983774,272.7911161073383,53.94647187573872,116.82543727506906,57.69142159537969,236.6210603626297,0.21969876129322014,15.961235937892646,0
0.0,0.0,0.21998428957408503,42.877200853322826,72.89805025508461,139.80733677924627,71.82924615167087,255.0,0.5682098245815862,4.969233355150269,1
1.0,0.0,0.14862425474746818,164.52100726254136,48.30851304615578,88.79418840552306,85.33783400477519,244.20068014046106,0.23049400235952094,11.198040345370002,0
0.0,1.0,0.3038288988773456,28.06396089665224,81.05547740344895,148.74219404778387,112.37206438326004,252.96164773506672,0.5781192017910276,4.86614766525358,1
1.0,0.0,0.025029714256321334,144.4271021531484,38.934966117842606,120.38485930631056,64.09516076241579,242.1513985028624,0.21361183626636943,11.64572819574544,0
0.0,1.0,0.21713485696363322,116.86941507467185,79.94177322366693,116.72539504930026,67.26916768204481,243.3882628265835,0.6225081044447508,2.4508288785994727,1
0.0,1.0,0.18660640632000308,67.59183399735068,65.2702530806667,72.15248895794947,56.1587963285151,253.5737282494447,0.5327625042546339,5.248034868203317,1
0.0,0.0,0.22506668259777435,241.48662089395873,46.26177903661967,108.45171334769756,77.25401093847444,244.59676294445012,0.23497321234478513,7.735102262773162,0
0.0,0.0,0.23654849451321683,82.94202618616833,79.24391857046733,182.28899314953503,87.91780840551785,255.0,0.481088820227821,1.9272300439448693,1
1.0,0.0,0.11659279572305029,270.5229572601752,45.469349020603694,143.15388531706984,67.14976561200837,239.4125682683586,0.16340713457920572,14.976187462983706,0
1.0,0.0,0.14505551734044286,226.12570526328787,34.24687606950762,74.18496430231058,57.463159715357754,250.18092103919128,0.17905182772393827,14.568698358381729,0
1.0,0.0,0.1450830186602625,209.23702894478623,39.98597853114363,129.20943218058713,32.20472275653646,221.84758584878765,0.15176051311851574,15.820828908715614,0
0.0,1.0,0.26609277246982715,33.93283630378683,68.97162966466969,101.74777758868555,65.04654953141922,245.37303871178523,0.6043032279289653,6.570208408302772,1
1.0,0.0,0.13644381994787155,246.2135069768915,32.007836365541756,139.6621148955071,71.6267268238363,255.0,0.1893203378897479,14.90750242426326,0
0.0,0.0,0.08728552884153752,127.5704292683228,58.119837385739466,111.02454682717696,52.00364396976251,220.1866157624076,0.20148980825607124,13.028394077878598,0
1.0,0.0,0.2789202820164881,71.00485411175359,59.03663351762418,138.25427362852935,66.59944545411675,244.11677528049972,0.4675349659709313,4.4713167302194385,1
0.0,0.0,0.01,23.907749009137383,54.82035408058845,214.69802743186565,68.64478211965208,255.0,0.23614853337659603,4.570948114693092,1
1.0,0.0,0.17931820093775466,188.2796099841839,36.950335191474394,122.99660863227639,86.52253939589676,233.08099424252538,0.17580332775243834,17.524013940105945,0
1.0,0.0,0.20400240328573244,156.9456044913215,35.521072827310135,157.84557757606547,58.537119243815646,209.25728225717512,0.2422227936035833,12.528023498061142,0
0.0,1.0,0.32160306512608927,63.51379176213395,77.16197968387564,120.31978365695073,70.38676666720583,243.47591554783526,0.35772282279376644,5.65096104390373,1
0.0,0.0,0.2652399743823253,106.55694448966973,99.61874375924165,176.44898258186606,69.7648341955781,249.59466447282293,0.6678419317563721,4.719713417479977,1
0.0,0.0,0.21874382095740924,230.9855722983068,37.80890548550814,148.12432477520775,58.44619719891329,240.87674221058475,0.17454530973442153,10.094666378714756,0
1.0,0.0,0.21138344962366462,137.38032777934404,48.67619840209711,127.01544077368796,47.73476405092299,234.20516286829238,0.2359584333177719,12.28735442939783,0
0.0,0.0,0.2684560724574947,68.75533830134582,53.796150723947484,116.47796465659705,57.58544456712517,253.30229976175775,0.39801072003810156,5.363342888745548,1
1.0,0.0,0.10948737814928095,287.9310242097567,34.33765068100775,144.9485035854121,60.235233547074365,213.10385403131414,0.12855476967441365,13.077524230325192,0
0.0,0.0,0.16997349403155404,112.45300183018486,56.42380937065908,152.85551141203143,67.00200019781367,254.98529678226822,0.6531653774575176,8.018436242844661,1
0.0,0.0,0.31347909764417703,46.9312355049073,64.89432521779167,110.95450651051759,68.30394025110996,255.0,0.4083731140659393,3.861273002450173,1
1.0,0.0,0.15283249624485534,221.9750615310113,46.96131459023907,119.40379093895065,63.34921369883056,255.0,0.23176645976081034,6.9744583635848425,0
1.0,0.0,0.2182070214986922,224.3936142435537,49.37313187038961,137.13538218657627,73.88508314254082,234.62633433138737,0.12604019908211167,12.199123956534812,0
0.0,1.0,0.37898226063909163,46.08153995187421,69.16037692947013,111.71021956546889,64.6266656075758,255.0,0.4092706556507598,4.745002021016307,1
1.0,0.0,0.17332149912167633,331.03965455149876,32.29938911287968,97.51926931731667,45.30111637826633,242.38134076406314,0.16325945512329046,11.637833112134764,0
0.0,0.0,0.2172574049509517,84.70918882905303,76.48817419220921,75.77052089248349,99.36960429743372,247.93052528862572,0.5316754756790718,4.943498327223,1
0.0,1.0,0.1523430059268673,89.29996949496665,61.63521543682843,216.3635657048486,68.33924761892477,239.47708600617335,0.5735135299366189,3.8938570322514003,1
1.0,0.0,0.1696658919697186,142.5602982420672,46.34296497247793,91.00236327044054,41.05845336452154,237.2470774176427,0.19663848464019346,13.95374309865158,0
1.0,0.0,0.12812708498382946,234.64593115158056,58.86349397262843,151.6167465688765,76.48475036162947,244.4207887935345,0.1823367932280921,8.630726924226492,0
1.0,0.0,0.09920890905108015,197.34396734912272,64.20367502144262,119.82135872361812,84.65312263680794,235.95072154762255,0.1985891060531385,7.952067358710337,0
1.0,0.0,0.13953381614240667,272.4249614946463,34.7597140911362,139.38018561343654,71.09513202176751,255.0,0.29861722395411,11.48540035019664,0
1.0,0.0,0.08880298666188716,205.21779687616063,52.719201548366755,73.70645316171388,59.80043046932047,247.46682464126667,0.16854810693981948,8.625986860720179,0
0.0,1.0,0.2532735340316577,70.97420758577522,88.3818377674534,133.60369656869008,84.61173516855425,255.0,0.37431313005984984,6.09325117138299,1
0.0,1.0,0.23817757449460228,116.5691236938099,66.197022260881,152.67573808958184,44.043968873819374,240.56935648024486,0.5232862514058245,7.48814161124618,1
1.0,0.0,0.11654636306700417,182.0115677105457,42.20189657622994,48.85021917423323,98.57992976242454,245.36492049946634,0.2232125619061502,8.588822865956798,0
0.0,0.0,0.31486466185278256,94.5162995356412,53.159922414204885,106.08608028999103,99.5606041921627,255.0,0.5647820739036528,4.703143252079935,1
1.0,0.0,0.1846552803631572,168.71613562518937,32.06492374795904,155.79338837553084,49.14052904298319,241.55307230923762,0.1588572049240784,13.392186805920364,0
1.0,0.0,0.1482179258851258,144.4016487112918,47.869558543017085,113.35390207248786,30.639921162990152,255.0,0.13003858703876844,13.014560216684536,0
1.0,0.0,0.21134666119421538,304.4221386434963,44.64174421293537,113.06791567626959,79.92085333480452,248.72672655942543,0.28398736911107647,11.220810285586914,0
0.0,0.0,0.3940408945208683,85.71271669775173,53.28265432803329,98.88118006534872,96.43031871162077,251.55236377090375,0.43580581808386887,3.8452277051016845,1
1.0,0.0,0.2042947782915789,226.7252824240275,62.61188124867374,114.09234576009331,48.615439516449825,238.97330261000377,0.14749067313191655,10.397087676507875,0
0.0,0.0,0.5010198826927995,72.90334138343162,61.407471169673755,172.1031408968033,87.05160535956682,255.0,0.7659121154603292,3.96387742774395,1
1.0,0.0,0.2264234213206266,219.53479604640722,32.07374652847737,109.47451709770576,51.44528898320301,247.37168266341604,0.19900408018501345,10.625187918839135,0
0.0,0.0,0.33448454472528416,114.06860441548832,81.75250663294932,133.1966975016374,66.08699393940012,255.0,0.559131472861135,5.929514247321075,1
0.0,0.0,0.32622996377623514,57.25153793337229,95.63114060215617,179.83288518333546,68.37137257436994,252.4600714028345,0.7817636788673878,4.941123058189821,1
0.0,0.0,0.20928520773314985,172.66599577063673,46.95481731553291,93.62151652764035,68.01547347954575,234.5148437620422,0.19450679384490321,13.563295835053758,0
1.0,0.0,0.12268777758737585,181.53614303768984,45.7857702971915,126.81103436594667,35.519776724603744,255.0,0.21530672765513778,11.858028510284306,0
1.0,0.0,0.14558589758243726,101.49480911440823,34.291475813155614,101.67427080584802,44.159538000499985,237.23951401201495,0.2122557142186309,6.888427490496829,0
0.0,1.0,0.1627680738045723,117.40675146604158,47.35739995167829,137.95768009925018,72.81953160073073,242.52229231750897,0.5441167145868478,2.877879928891069,1
1.0,0.0,0.17261858981248668,167.39555557034697,44.64992389993764,161.67073088888284,80.38784241246037,229.95844629549765,0.20038639465878424,12.462146635150912,0
1.0,0.0,0.1389373188207114,256.21766799352514,49.44198327290672,123.07453926474622,48.43199550676064,255.0,0.21011916852993479,7.551402686441423,0
1.0,0.0,0.15905107793518533,135.38686524471905,46.4098269961206,136.55657915466463,47.240801205720786,219.24988834542586,0.20455840733332198,11.408656541578662,0
1.0,0.0,0.17648463771783654,238.9468251756057,35.95931710264,116.78205702567175,42.02411812571932,239.88466506417944,0.19411663489035735,8.690122289451093,0
1.0,0.0,0.0915041582144856,137.71413117768077,44.50970659161963,113.43401244793122,41.51353141254,232.25078701859837,0.1631968173265743,12.830203653542027,0
1.0,0.0,0.14443869693256497,111.07062079967416,36.21676922820261,128.72691172770018,76.38160175973638,241.10005117167205,0.24369948755034415,14.091210344912353,0
0.0,0.0,0.2253572572651407,17.389189441937937,48.539475215434,91.4410124970347,82.20737431809722,243.25037181069362,0.8365212023085964,1.8477646323701524,1
0.0,0.0,0.1721163040236425,60.25254762998455,43.75659416311032,178.9018426265069,66.50337304948724,247.34061124855336,0.7001952965188596,4.14066621159435,1
1.0,0.0,0.20456550602971346,217.38382417691682,42.84332362452368,116.03590233295358,79.36137636183642,234.56478663680846,0.11411639258183019,8.308356941204867,0
1.0,0.0,0.13596624615666128,304.47693608473867,37.47564762646965,134.7451694174035,87.02145148899731,236.05038289683125,0.21798404238431607,14.802970356424762,0
0.0,1.0,0.22371052194008123,93.51810238587616,61.994711333087544,97.42089693787867,85.68415724749349,238.16261173313362,0.660677451862433,6.798570573881433,1
0.0,0.0,0.33004658544343823,116.53877456916675,59.517410945221016,176.35487007467012,47.36816563072838,250.11169619659304,0.449937062751676,4.274297787757527,1
1.0,0.0,0.19662954159365448,242.9793943489901,39.84781606191757,72.15732125510003,71.17726296427226,255.0,0.16862896327868135,13.892942052755057,0
1.0,0.0,0.14125201216522956,180.80143640238242,47.16624975404619,90.77634461350895,72.86848237937015,254.38224459701507,0.17716511924883768,10.196077294149926,0
1.0,0.0,0.10158277725681822,229.42766348853598,63.29620201716087,118.10630960666255,85.96754447650949,255.0,0.09874800431619135,14.366442508933467,0
0.0,0.0,0.09765445086590302,163.91312233313732,49.914294527201996,134.61915711134984,42.1835214012371,244.95170685706415,0.16849285849288267,12.584662752523117,0
0.0,1.0,0.3407016077493652,88.10172075174266,84.35966691383821,185.84644407941641,63.15518310374371,254.1320165866526,0.6632804697174808,6.739428934130741,1
0.0,0.0,0.26578525659244767,128.95570697267328,62.82643131377853,80.56191931555651,84.0551270415339,255.0,0.470510635299831,6.735206283149761,1
0.0,0.0,0.32801581038259436,87.23965804750343,32.34402430335718,139.85258142985296,67.32250517338434,245.2269094902497,0.6919035611367265,4.351028493311952,1
0.0,1.0,0.22421436246309281,21.121229249822626,66.09311147023273,101.30721458283583,75.40212933738196,253.88468351465758,0.47575132222304006,5.853136967382402,1
0.0,0.0,0.11011744214094554,100.44078531328844,61.76585632147967,87.73054124799559,39.12157773616074,251.28375399330895,0.48572236171000527,2.014284622301543,1
0.0,0.0,0.15708584568199524,145.70874355574074,58.55442801105496,116.961578438954,71.75038065786048,241.26790475676486,0.1648041837292228,12.945115651069708,0
0.0,1.0,0.24164406251700227,92.44596501085731,54.279789845143526,153.16049131540427,81.7671488387192,241.44698322781744,0.6209410980586605,3.3729817955949444,1
0.0,0.0,0.19442294951287534,98.30648508767668,68.07138323602676,152.46835356482123,94.08170204313257,253.831942382862,0.5297661093129913,4.82503364624651,1
1.0,0.0,0.16537033489045502,228.23029629468002,49.66545311450127,66.56524756603099,49.7092536444723,230.5699462945371,0.20198569108598174,10.08411847683746,0
0.0,0.0,0.19040778841548406,75.34222853525753,70.40971837153693,105.3177040689322,51.59438587206451,251.99381882212407,0.7577777585198445,5.701772645982274,1
1.0,0.0,0.17373491164399762,244.3827712936918,44.996863273882255,106.06256765653146,45.31888745535351,240.43163346121497,0.15138508776325826,11.337337507778551,0
0.0,0.0,0.13138966119644735,246.0900750988626,39.18217966607946,155.4038452122458,47.15477222578194,255.0,0.1963446348995531,7.638099030986746,0
0.0,0.0,0.17226746123669712,87.9206024400101,85.43844279068678,93.07117497739584,55.031182942465634,243.42279346475078,0.457107351753927,4.039130661507403,1
0.0,0.0,0.24211294941725905,108.5434783117426,82.72836639439942,167.3228015616579,78.2117886634352,249.13577162592944,0.5691124233836393,5.274595001679868,1
1.0,0.0,0.15308399249239857,261.1784441209314,32.77104980444436,143.52008337932244,65.8669181539909,216.8482358522138,0.26821631220854336,13.574348786021845,0
0.0,0.0,0.19799979353412323,37.84430459589275,67.7375154589882,134.5065361932665,98.93821897522704,252.7856880920174,0.5783844567302737,3.5265022192902635,1
1.0,0.0,0.16654401161072285,193.6225439811233,51.032475005713934,152.26030205870694,45.51326050704061,231.45451555611402,0.21681389446237814,10.97664856195344,0
1.0,0.0,0.2351107472317619,158.40888958847776,32.44864628026605,105.07282505072358,61.66329574242627,254.5526262385179,0.22376674627137458,13.134763073603368,0
0.0,0.0,0.31724960212036424,96.5689981303857,62.867801945891806,105.03405557683875,40.3947453903131,251.92874984090847,0.5495927162878566,5.077449624071452,1
1.0,0.0,0.18168884404660493,237.20959857499685,58.705361439967135,119.83319119055788,56.627204163077224,238.69372910785276,0.1897935115563642,13.361561436248346,0
0.0,0.0,0.32174714526924253,70.36271701646265,66.46505565122503,106.86180548453817,58.163567362636954,239.4655544268696,0.5101716966457452,5.528429061327724,1
1.0,0.0,0.11535474011020463,230.22576631776835,33.21959132623619,103.85856724529584,43.82230887953104,241.88829795864987,0.18111175562387616,13.60385411234003,0
